I0217 20:35:02.715606 1744280 patch_match.cc:205] Reading workspace...
I0217 20:35:02.741487 1744280 patch_match.cc:235] Reading configuration...
I0217 20:35:02.743906 1744280 patch_match.cc:366] Configuration has 24 problems...
I0217 20:35:02.744374 1744282 misc.cc:44] 
==============================================================================
Processing view 1 / 24 for 0.png
==============================================================================
I0217 20:35:02.744410 1744282 patch_match.cc:461] Reading inputs...
I0217 20:35:05.831919 1744282 misc.cc:51] 
PatchMatch::Problem
-------------------
I0217 20:35:05.831949 1744282 patch_match.cc:54] ref_image_idx: 0
I0217 20:35:05.831951 1744282 patch_match.cc:55] src_image_idxs: 
I0217 20:35:05.831954 1744282 patch_match.cc:58] 19 
I0217 20:35:05.831955 1744282 patch_match.cc:58] 12 
I0217 20:35:05.831957 1744282 patch_match.cc:58] 16 
I0217 20:35:05.831959 1744282 patch_match.cc:58] 15 
I0217 20:35:05.831961 1744282 patch_match.cc:58] 3 
I0217 20:35:05.831964 1744282 patch_match.cc:58] 17 
I0217 20:35:05.831965 1744282 patch_match.cc:58] 13 
I0217 20:35:05.831967 1744282 patch_match.cc:58] 10 
I0217 20:35:05.831969 1744282 patch_match.cc:58] 23 
I0217 20:35:05.831970 1744282 patch_match.cc:58] 9 
I0217 20:35:05.831972 1744282 patch_match.cc:58] 22 
I0217 20:35:05.831974 1744282 patch_match.cc:58] 5 
I0217 20:35:05.831976 1744282 patch_match.cc:58] 18 
I0217 20:35:05.831979 1744282 patch_match.cc:58] 8 
I0217 20:35:05.831979 1744282 patch_match.cc:58] 21 
I0217 20:35:05.831981 1744282 patch_match.cc:58] 2 
I0217 20:35:05.831983 1744282 patch_match.cc:60] 14
I0217 20:35:05.831986 1744282 misc.cc:51] 
PatchMatchOptions
-----------------
I0217 20:35:05.831988 1744282 patch_match_options.cc:47] max_image_size: -1
I0217 20:35:05.831991 1744282 patch_match_options.cc:48] gpu_index: 0
I0217 20:35:05.831993 1744282 patch_match_options.cc:49] depth_min: 1.4078
I0217 20:35:05.832015 1744282 patch_match_options.cc:50] depth_max: 7.47911
I0217 20:35:05.832017 1744282 patch_match_options.cc:51] window_radius: 5
I0217 20:35:05.832019 1744282 patch_match_options.cc:52] window_step: 1
I0217 20:35:05.832020 1744282 patch_match_options.cc:53] sigma_spatial: 5
I0217 20:35:05.832023 1744282 patch_match_options.cc:54] sigma_color: 0.2
I0217 20:35:05.832026 1744282 patch_match_options.cc:55] num_samples: 15
I0217 20:35:05.832027 1744282 patch_match_options.cc:56] ncc_sigma: 0.6
I0217 20:35:05.832029 1744282 patch_match_options.cc:57] min_triangulation_angle: 1
I0217 20:35:05.832031 1744282 patch_match_options.cc:58] incident_angle_sigma: 0.9
I0217 20:35:05.832033 1744282 patch_match_options.cc:59] num_iterations: 5
I0217 20:35:05.832036 1744282 patch_match_options.cc:60] geom_consistency: 0
I0217 20:35:05.832037 1744282 patch_match_options.cc:61] geom_consistency_regularizer: 0.3
I0217 20:35:05.832039 1744282 patch_match_options.cc:62] geom_consistency_max_cost: 3
I0217 20:35:05.832042 1744282 patch_match_options.cc:63] filter: 0
I0217 20:35:05.832043 1744282 patch_match_options.cc:64] filter_min_ncc: 0.1
I0217 20:35:05.832046 1744282 patch_match_options.cc:65] filter_min_triangulation_angle: 3
I0217 20:35:05.832048 1744282 patch_match_options.cc:66] filter_min_num_consistent: 2
I0217 20:35:05.832051 1744282 patch_match_options.cc:67] filter_geom_consistency_max_cost: 1
I0217 20:35:05.832052 1744282 patch_match_options.cc:68] write_consistency_graph: 0
I0217 20:35:05.832053 1744282 patch_match_options.cc:69] allow_missing_files: 0
I0217 20:35:05.832056 1744282 misc.cc:51] 
PatchMatch::Run
---------------
I0217 20:35:06.509513 1744282 cudacc.cc:51] Initialization: 0.2585s
I0217 20:35:07.901293 1744282 cudacc.cc:51]  Sweep 1: 1.3917s
I0217 20:35:09.822043 1744282 cudacc.cc:51]  Sweep 2: 1.9207s
I0217 20:35:11.202597 1744282 cudacc.cc:51]  Sweep 3: 1.3805s
I0217 20:35:13.088732 1744282 cudacc.cc:51]  Sweep 4: 1.8861s
I0217 20:35:13.088763 1744282 cudacc.cc:51] Iteration 1: 6.5792s
I0217 20:35:14.422984 1744282 cudacc.cc:51]  Sweep 1: 1.3342s
I0217 20:35:16.298879 1744282 cudacc.cc:51]  Sweep 2: 1.8759s
I0217 20:35:17.660547 1744282 cudacc.cc:51]  Sweep 3: 1.3616s
I0217 20:35:19.525954 1744282 cudacc.cc:51]  Sweep 4: 1.8654s
I0217 20:35:19.525988 1744282 cudacc.cc:51] Iteration 2: 6.4372s
I0217 20:35:20.848940 1744282 cudacc.cc:51]  Sweep 1: 1.3229s
I0217 20:35:22.714207 1744282 cudacc.cc:51]  Sweep 2: 1.8652s
I0217 20:35:24.062561 1744282 cudacc.cc:51]  Sweep 3: 1.3483s
I0217 20:35:25.910802 1744282 cudacc.cc:51]  Sweep 4: 1.8482s
I0217 20:35:25.910837 1744282 cudacc.cc:51] Iteration 3: 6.3848s
I0217 20:35:27.220072 1744282 cudacc.cc:51]  Sweep 1: 1.3092s
I0217 20:35:29.072034 1744282 cudacc.cc:51]  Sweep 2: 1.8519s
I0217 20:35:30.424425 1744282 cudacc.cc:51]  Sweep 3: 1.3523s
I0217 20:35:32.264035 1744282 cudacc.cc:51]  Sweep 4: 1.8396s
I0217 20:35:32.264071 1744282 cudacc.cc:51] Iteration 4: 6.3532s
I0217 20:35:33.569059 1744282 cudacc.cc:51]  Sweep 1: 1.3050s
I0217 20:35:35.398460 1744282 cudacc.cc:51]  Sweep 2: 1.8294s
I0217 20:35:36.745069 1744282 cudacc.cc:51]  Sweep 3: 1.3466s
I0217 20:35:38.560451 1744282 cudacc.cc:51]  Sweep 4: 1.8153s
I0217 20:35:38.560487 1744282 cudacc.cc:51] Iteration 5: 6.2964s
I0217 20:35:38.560495 1744282 cudacc.cc:51] Total: 32.3094s
I0217 20:35:38.560500 1744282 patch_match.cc:504] 
Writing photometric output for 0.png
I0217 20:35:40.458743 1744282 misc.cc:44] 
==============================================================================
Processing view 2 / 24 for 10.png
==============================================================================
I0217 20:35:40.458779 1744282 patch_match.cc:461] Reading inputs...
I0217 20:35:41.542932 1744282 misc.cc:51] 
PatchMatch::Problem
-------------------
I0217 20:35:41.542958 1744282 patch_match.cc:54] ref_image_idx: 1
I0217 20:35:41.542963 1744282 patch_match.cc:55] src_image_idxs: 
I0217 20:35:41.542964 1744282 patch_match.cc:58] 17 
I0217 20:35:41.542968 1744282 patch_match.cc:58] 5 
I0217 20:35:41.542970 1744282 patch_match.cc:58] 3 
I0217 20:35:41.542972 1744282 patch_match.cc:58] 9 
I0217 20:35:41.542975 1744282 patch_match.cc:58] 13 
I0217 20:35:41.542979 1744282 patch_match.cc:58] 10 
I0217 20:35:41.542980 1744282 patch_match.cc:58] 14 
I0217 20:35:41.542984 1744282 patch_match.cc:58] 20 
I0217 20:35:41.542985 1744282 patch_match.cc:58] 7 
I0217 20:35:41.542989 1744282 patch_match.cc:58] 19 
I0217 20:35:41.542991 1744282 patch_match.cc:58] 6 
I0217 20:35:41.542994 1744282 patch_match.cc:58] 4 
I0217 20:35:41.542997 1744282 patch_match.cc:58] 12 
I0217 20:35:41.543000 1744282 patch_match.cc:58] 16 
I0217 20:35:41.543004 1744282 patch_match.cc:58] 11 
I0217 20:35:41.543006 1744282 patch_match.cc:58] 21 
I0217 20:35:41.543008 1744282 patch_match.cc:58] 18 
I0217 20:35:41.543011 1744282 patch_match.cc:58] 2 
I0217 20:35:41.543015 1744282 patch_match.cc:58] 15 
I0217 20:35:41.543016 1744282 patch_match.cc:60] 22
I0217 20:35:41.543020 1744282 misc.cc:51] 
PatchMatchOptions
-----------------
I0217 20:35:41.543022 1744282 patch_match_options.cc:47] max_image_size: -1
I0217 20:35:41.543025 1744282 patch_match_options.cc:48] gpu_index: 0
I0217 20:35:41.543027 1744282 patch_match_options.cc:49] depth_min: 1.44962
I0217 20:35:41.543035 1744282 patch_match_options.cc:50] depth_max: 7.5025
I0217 20:35:41.543038 1744282 patch_match_options.cc:51] window_radius: 5
I0217 20:35:41.543040 1744282 patch_match_options.cc:52] window_step: 1
I0217 20:35:41.543043 1744282 patch_match_options.cc:53] sigma_spatial: 5
I0217 20:35:41.543046 1744282 patch_match_options.cc:54] sigma_color: 0.2
I0217 20:35:41.543049 1744282 patch_match_options.cc:55] num_samples: 15
I0217 20:35:41.543052 1744282 patch_match_options.cc:56] ncc_sigma: 0.6
I0217 20:35:41.543056 1744282 patch_match_options.cc:57] min_triangulation_angle: 1
I0217 20:35:41.543058 1744282 patch_match_options.cc:58] incident_angle_sigma: 0.9
I0217 20:35:41.543061 1744282 patch_match_options.cc:59] num_iterations: 5
I0217 20:35:41.543063 1744282 patch_match_options.cc:60] geom_consistency: 0
I0217 20:35:41.543066 1744282 patch_match_options.cc:61] geom_consistency_regularizer: 0.3
I0217 20:35:41.543069 1744282 patch_match_options.cc:62] geom_consistency_max_cost: 3
I0217 20:35:41.543079 1744282 patch_match_options.cc:63] filter: 0
I0217 20:35:41.543081 1744282 patch_match_options.cc:64] filter_min_ncc: 0.1
I0217 20:35:41.543083 1744282 patch_match_options.cc:65] filter_min_triangulation_angle: 3
I0217 20:35:41.543085 1744282 patch_match_options.cc:66] filter_min_num_consistent: 2
I0217 20:35:41.543087 1744282 patch_match_options.cc:67] filter_geom_consistency_max_cost: 1
I0217 20:35:41.543089 1744282 patch_match_options.cc:68] write_consistency_graph: 0
I0217 20:35:41.543090 1744282 patch_match_options.cc:69] allow_missing_files: 0
I0217 20:35:41.543093 1744282 misc.cc:51] 
PatchMatch::Run
---------------
I0217 20:35:42.031062 1744282 cudacc.cc:51] Initialization: 0.3342s
I0217 20:35:43.491111 1744282 cudacc.cc:51]  Sweep 1: 1.4600s
I0217 20:35:45.577526 1744282 cudacc.cc:51]  Sweep 2: 2.0864s
I0217 20:35:47.011631 1744282 cudacc.cc:51]  Sweep 3: 1.4341s
I0217 20:35:49.032732 1744282 cudacc.cc:51]  Sweep 4: 2.0211s
I0217 20:35:49.032768 1744282 cudacc.cc:51] Iteration 1: 7.0016s
I0217 20:35:50.439533 1744282 cudacc.cc:51]  Sweep 1: 1.4067s
I0217 20:35:52.441143 1744282 cudacc.cc:51]  Sweep 2: 2.0016s
I0217 20:35:53.842079 1744282 cudacc.cc:51]  Sweep 3: 1.4009s
I0217 20:35:55.817446 1744282 cudacc.cc:51]  Sweep 4: 1.9753s
I0217 20:35:55.817483 1744282 cudacc.cc:51] Iteration 2: 6.7847s
I0217 20:35:57.205345 1744282 cudacc.cc:51]  Sweep 1: 1.3878s
I0217 20:35:59.185246 1744282 cudacc.cc:51]  Sweep 2: 1.9799s
I0217 20:36:00.592701 1744282 cudacc.cc:51]  Sweep 3: 1.4074s
I0217 20:36:02.555853 1744282 cudacc.cc:51]  Sweep 4: 1.9631s
I0217 20:36:02.555887 1744282 cudacc.cc:51] Iteration 3: 6.7384s
I0217 20:36:03.942922 1744282 cudacc.cc:51]  Sweep 1: 1.3870s
I0217 20:36:05.896772 1744282 cudacc.cc:51]  Sweep 2: 1.9538s
I0217 20:36:07.296200 1744282 cudacc.cc:51]  Sweep 3: 1.3994s
I0217 20:36:09.239441 1744282 cudacc.cc:51]  Sweep 4: 1.9432s
I0217 20:36:09.239475 1744282 cudacc.cc:51] Iteration 4: 6.6835s
I0217 20:36:10.610061 1744282 cudacc.cc:51]  Sweep 1: 1.3706s
I0217 20:36:12.535228 1744282 cudacc.cc:51]  Sweep 2: 1.9251s
I0217 20:36:13.929021 1744282 cudacc.cc:51]  Sweep 3: 1.3937s
I0217 20:36:15.853835 1744282 cudacc.cc:51]  Sweep 4: 1.9248s
I0217 20:36:15.853873 1744282 cudacc.cc:51] Iteration 5: 6.6144s
I0217 20:36:15.853883 1744282 cudacc.cc:51] Total: 34.1569s
I0217 20:36:15.853889 1744282 patch_match.cc:504] 
Writing photometric output for 10.png
I0217 20:36:17.602905 1744282 misc.cc:44] 
==============================================================================
Processing view 3 / 24 for 1.png
==============================================================================
I0217 20:36:17.602929 1744282 patch_match.cc:461] Reading inputs...
I0217 20:36:17.622627 1744282 misc.cc:51] 
PatchMatch::Problem
-------------------
I0217 20:36:17.622646 1744282 patch_match.cc:54] ref_image_idx: 2
I0217 20:36:17.622650 1744282 patch_match.cc:55] src_image_idxs: 
I0217 20:36:17.622653 1744282 patch_match.cc:58] 10 
I0217 20:36:17.622655 1744282 patch_match.cc:58] 21 
I0217 20:36:17.622658 1744282 patch_match.cc:58] 18 
I0217 20:36:17.622660 1744282 patch_match.cc:58] 20 
I0217 20:36:17.622663 1744282 patch_match.cc:58] 4 
I0217 20:36:17.622665 1744282 patch_match.cc:58] 7 
I0217 20:36:17.622668 1744282 patch_match.cc:58] 0 
I0217 20:36:17.622670 1744282 patch_match.cc:58] 22 
I0217 20:36:17.622673 1744282 patch_match.cc:58] 9 
I0217 20:36:17.622675 1744282 patch_match.cc:58] 14 
I0217 20:36:17.622678 1744282 patch_match.cc:58] 1 
I0217 20:36:17.622681 1744282 patch_match.cc:58] 16 
I0217 20:36:17.622684 1744282 patch_match.cc:58] 3 
I0217 20:36:17.622686 1744282 patch_match.cc:58] 13 
I0217 20:36:17.622689 1744282 patch_match.cc:58] 12 
I0217 20:36:17.622692 1744282 patch_match.cc:58] 23 
I0217 20:36:17.622694 1744282 patch_match.cc:58] 6 
I0217 20:36:17.622697 1744282 patch_match.cc:58] 19 
I0217 20:36:17.622699 1744282 patch_match.cc:58] 17 
I0217 20:36:17.622702 1744282 patch_match.cc:60] 11
I0217 20:36:17.622705 1744282 misc.cc:51] 
PatchMatchOptions
-----------------
I0217 20:36:17.622725 1744282 patch_match_options.cc:47] max_image_size: -1
I0217 20:36:17.622728 1744282 patch_match_options.cc:48] gpu_index: 0
I0217 20:36:17.622730 1744282 patch_match_options.cc:49] depth_min: 1.96907
I0217 20:36:17.622737 1744282 patch_match_options.cc:50] depth_max: 9.30691
I0217 20:36:17.622740 1744282 patch_match_options.cc:51] window_radius: 5
I0217 20:36:17.622741 1744282 patch_match_options.cc:52] window_step: 1
I0217 20:36:17.622743 1744282 patch_match_options.cc:53] sigma_spatial: 5
I0217 20:36:17.622745 1744282 patch_match_options.cc:54] sigma_color: 0.2
I0217 20:36:17.622748 1744282 patch_match_options.cc:55] num_samples: 15
I0217 20:36:17.622749 1744282 patch_match_options.cc:56] ncc_sigma: 0.6
I0217 20:36:17.622752 1744282 patch_match_options.cc:57] min_triangulation_angle: 1
I0217 20:36:17.622754 1744282 patch_match_options.cc:58] incident_angle_sigma: 0.9
I0217 20:36:17.622756 1744282 patch_match_options.cc:59] num_iterations: 5
I0217 20:36:17.622758 1744282 patch_match_options.cc:60] geom_consistency: 0
I0217 20:36:17.622761 1744282 patch_match_options.cc:61] geom_consistency_regularizer: 0.3
I0217 20:36:17.622762 1744282 patch_match_options.cc:62] geom_consistency_max_cost: 3
I0217 20:36:17.622766 1744282 patch_match_options.cc:63] filter: 0
I0217 20:36:17.622767 1744282 patch_match_options.cc:64] filter_min_ncc: 0.1
I0217 20:36:17.622769 1744282 patch_match_options.cc:65] filter_min_triangulation_angle: 3
I0217 20:36:17.622771 1744282 patch_match_options.cc:66] filter_min_num_consistent: 2
I0217 20:36:17.622773 1744282 patch_match_options.cc:67] filter_geom_consistency_max_cost: 1
I0217 20:36:17.622776 1744282 patch_match_options.cc:68] write_consistency_graph: 0
I0217 20:36:17.622777 1744282 patch_match_options.cc:69] allow_missing_files: 0
I0217 20:36:17.622779 1744282 misc.cc:51] 
PatchMatch::Run
---------------
I0217 20:36:18.114096 1744282 cudacc.cc:51] Initialization: 0.3281s
I0217 20:36:19.589922 1744282 cudacc.cc:51]  Sweep 1: 1.4758s
I0217 20:36:21.624756 1744282 cudacc.cc:51]  Sweep 2: 2.0348s
I0217 20:36:23.063089 1744282 cudacc.cc:51]  Sweep 3: 1.4383s
I0217 20:36:25.067773 1744282 cudacc.cc:51]  Sweep 4: 2.0046s
I0217 20:36:25.067808 1744282 cudacc.cc:51] Iteration 1: 6.9536s
I0217 20:36:26.472393 1744282 cudacc.cc:51]  Sweep 1: 1.4046s
I0217 20:36:28.432142 1744282 cudacc.cc:51]  Sweep 2: 1.9597s
I0217 20:36:29.831758 1744282 cudacc.cc:51]  Sweep 3: 1.3996s
I0217 20:36:31.793262 1744282 cudacc.cc:51]  Sweep 4: 1.9615s
I0217 20:36:31.793298 1744282 cudacc.cc:51] Iteration 2: 6.7254s
I0217 20:36:33.187433 1744282 cudacc.cc:51]  Sweep 1: 1.3941s
I0217 20:36:35.122340 1744282 cudacc.cc:51]  Sweep 2: 1.9349s
I0217 20:36:36.528318 1744282 cudacc.cc:51]  Sweep 3: 1.4059s
I0217 20:36:38.468902 1744282 cudacc.cc:51]  Sweep 4: 1.9405s
I0217 20:36:38.468931 1744282 cudacc.cc:51] Iteration 3: 6.6756s
I0217 20:36:39.844632 1744282 cudacc.cc:51]  Sweep 1: 1.3757s
I0217 20:36:41.762460 1744282 cudacc.cc:51]  Sweep 2: 1.9178s
I0217 20:36:43.165293 1744282 cudacc.cc:51]  Sweep 3: 1.4028s
I0217 20:36:45.075492 1744282 cudacc.cc:51]  Sweep 4: 1.9102s
I0217 20:36:45.075526 1744282 cudacc.cc:51] Iteration 4: 6.6066s
I0217 20:36:46.448282 1744282 cudacc.cc:51]  Sweep 1: 1.3727s
I0217 20:36:48.343509 1744282 cudacc.cc:51]  Sweep 2: 1.8952s
I0217 20:36:49.742242 1744282 cudacc.cc:51]  Sweep 3: 1.3987s
I0217 20:36:51.636353 1744282 cudacc.cc:51]  Sweep 4: 1.8941s
I0217 20:36:51.636385 1744282 cudacc.cc:51] Iteration 5: 6.5608s
I0217 20:36:51.636394 1744282 cudacc.cc:51] Total: 33.8503s
I0217 20:36:51.636399 1744282 patch_match.cc:504] 
Writing photometric output for 1.png
I0217 20:36:53.322952 1744282 misc.cc:44] 
==============================================================================
Processing view 4 / 24 for 11.png
==============================================================================
I0217 20:36:53.322976 1744282 patch_match.cc:461] Reading inputs...
I0217 20:36:53.342942 1744282 misc.cc:51] 
PatchMatch::Problem
-------------------
I0217 20:36:53.342962 1744282 patch_match.cc:54] ref_image_idx: 3
I0217 20:36:53.342964 1744282 patch_match.cc:55] src_image_idxs: 
I0217 20:36:53.342965 1744282 patch_match.cc:58] 11 
I0217 20:36:53.342967 1744282 patch_match.cc:58] 20 
I0217 20:36:53.342969 1744282 patch_match.cc:58] 1 
I0217 20:36:53.342972 1744282 patch_match.cc:58] 12 
I0217 20:36:53.342973 1744282 patch_match.cc:58] 4 
I0217 20:36:53.342975 1744282 patch_match.cc:58] 16 
I0217 20:36:53.342976 1744282 patch_match.cc:58] 15 
I0217 20:36:53.342978 1744282 patch_match.cc:58] 17 
I0217 20:36:53.342980 1744282 patch_match.cc:58] 0 
I0217 20:36:53.342983 1744282 patch_match.cc:58] 13 
I0217 20:36:53.342984 1744282 patch_match.cc:58] 10 
I0217 20:36:53.342986 1744282 patch_match.cc:58] 23 
I0217 20:36:53.342988 1744282 patch_match.cc:58] 9 
I0217 20:36:53.342989 1744282 patch_match.cc:58] 22 
I0217 20:36:53.342991 1744282 patch_match.cc:58] 5 
I0217 20:36:53.342993 1744282 patch_match.cc:58] 18 
I0217 20:36:53.342995 1744282 patch_match.cc:58] 8 
I0217 20:36:53.342998 1744282 patch_match.cc:58] 21 
I0217 20:36:53.342999 1744282 patch_match.cc:58] 2 
I0217 20:36:53.343001 1744282 patch_match.cc:60] 14
I0217 20:36:53.343004 1744282 misc.cc:51] 
PatchMatchOptions
-----------------
I0217 20:36:53.343006 1744282 patch_match_options.cc:47] max_image_size: -1
I0217 20:36:53.343008 1744282 patch_match_options.cc:48] gpu_index: 0
I0217 20:36:53.343010 1744282 patch_match_options.cc:49] depth_min: 1.45259
I0217 20:36:53.343016 1744282 patch_match_options.cc:50] depth_max: 8.17387
I0217 20:36:53.343019 1744282 patch_match_options.cc:51] window_radius: 5
I0217 20:36:53.343020 1744282 patch_match_options.cc:52] window_step: 1
I0217 20:36:53.343022 1744282 patch_match_options.cc:53] sigma_spatial: 5
I0217 20:36:53.343024 1744282 patch_match_options.cc:54] sigma_color: 0.2
I0217 20:36:53.343027 1744282 patch_match_options.cc:55] num_samples: 15
I0217 20:36:53.343029 1744282 patch_match_options.cc:56] ncc_sigma: 0.6
I0217 20:36:53.343030 1744282 patch_match_options.cc:57] min_triangulation_angle: 1
I0217 20:36:53.343034 1744282 patch_match_options.cc:58] incident_angle_sigma: 0.9
I0217 20:36:53.343035 1744282 patch_match_options.cc:59] num_iterations: 5
I0217 20:36:53.343037 1744282 patch_match_options.cc:60] geom_consistency: 0
I0217 20:36:53.343039 1744282 patch_match_options.cc:61] geom_consistency_regularizer: 0.3
I0217 20:36:53.343041 1744282 patch_match_options.cc:62] geom_consistency_max_cost: 3
I0217 20:36:53.343043 1744282 patch_match_options.cc:63] filter: 0
I0217 20:36:53.343045 1744282 patch_match_options.cc:64] filter_min_ncc: 0.1
I0217 20:36:53.343047 1744282 patch_match_options.cc:65] filter_min_triangulation_angle: 3
I0217 20:36:53.343050 1744282 patch_match_options.cc:66] filter_min_num_consistent: 2
I0217 20:36:53.343051 1744282 patch_match_options.cc:67] filter_geom_consistency_max_cost: 1
I0217 20:36:53.343053 1744282 patch_match_options.cc:68] write_consistency_graph: 0
I0217 20:36:53.343055 1744282 patch_match_options.cc:69] allow_missing_files: 0
I0217 20:36:53.343058 1744282 misc.cc:51] 
PatchMatch::Run
---------------
I0217 20:36:53.821244 1744282 cudacc.cc:51] Initialization: 0.3173s
I0217 20:36:55.258076 1744282 cudacc.cc:51]  Sweep 1: 1.4368s
I0217 20:36:57.303126 1744282 cudacc.cc:51]  Sweep 2: 2.0450s
I0217 20:36:58.761611 1744282 cudacc.cc:51]  Sweep 3: 1.4584s
I0217 20:37:00.749348 1744282 cudacc.cc:51]  Sweep 4: 1.9877s
I0217 20:37:00.749382 1744282 cudacc.cc:51] Iteration 1: 6.9281s
I0217 20:37:02.135913 1744282 cudacc.cc:51]  Sweep 1: 1.3865s
I0217 20:37:04.099315 1744282 cudacc.cc:51]  Sweep 2: 1.9634s
I0217 20:37:05.510161 1744282 cudacc.cc:51]  Sweep 3: 1.4108s
I0217 20:37:07.452343 1744282 cudacc.cc:51]  Sweep 4: 1.9421s
I0217 20:37:07.452373 1744282 cudacc.cc:51] Iteration 2: 6.7029s
I0217 20:37:08.819883 1744282 cudacc.cc:51]  Sweep 1: 1.3675s
I0217 20:37:10.759375 1744282 cudacc.cc:51]  Sweep 2: 1.9394s
I0217 20:37:12.166699 1744282 cudacc.cc:51]  Sweep 3: 1.4073s
I0217 20:37:14.088855 1744282 cudacc.cc:51]  Sweep 4: 1.9221s
I0217 20:37:14.088894 1744282 cudacc.cc:51] Iteration 3: 6.6365s
I0217 20:37:15.445894 1744282 cudacc.cc:51]  Sweep 1: 1.3570s
I0217 20:37:17.360299 1744282 cudacc.cc:51]  Sweep 2: 1.9144s
I0217 20:37:18.762933 1744282 cudacc.cc:51]  Sweep 3: 1.4026s
I0217 20:37:20.670763 1744282 cudacc.cc:51]  Sweep 4: 1.9078s
I0217 20:37:20.670796 1744282 cudacc.cc:51] Iteration 4: 6.5819s
I0217 20:37:22.022302 1744282 cudacc.cc:51]  Sweep 1: 1.3515s
I0217 20:37:23.917577 1744282 cudacc.cc:51]  Sweep 2: 1.8952s
I0217 20:37:25.296146 1744282 cudacc.cc:51]  Sweep 3: 1.3785s
I0217 20:37:27.169828 1744282 cudacc.cc:51]  Sweep 4: 1.8736s
I0217 20:37:27.169862 1744282 cudacc.cc:51] Iteration 5: 6.4990s
I0217 20:37:27.169871 1744282 cudacc.cc:51] Total: 33.6657s
I0217 20:37:27.169878 1744282 patch_match.cc:504] 
Writing photometric output for 11.png
I0217 20:37:28.877642 1744282 misc.cc:44] 
==============================================================================
Processing view 5 / 24 for 13.png
==============================================================================
I0217 20:37:28.877671 1744282 patch_match.cc:461] Reading inputs...
I0217 20:37:28.897202 1744282 misc.cc:51] 
PatchMatch::Problem
-------------------
I0217 20:37:28.897218 1744282 patch_match.cc:54] ref_image_idx: 4
I0217 20:37:28.897222 1744282 patch_match.cc:55] src_image_idxs: 
I0217 20:37:28.897224 1744282 patch_match.cc:58] 17 
I0217 20:37:28.897228 1744282 patch_match.cc:58] 9 
I0217 20:37:28.897230 1744282 patch_match.cc:58] 3 
I0217 20:37:28.897233 1744282 patch_match.cc:58] 6 
I0217 20:37:28.897236 1744282 patch_match.cc:58] 14 
I0217 20:37:28.897250 1744282 patch_match.cc:58] 5 
I0217 20:37:28.897253 1744282 patch_match.cc:58] 2 
I0217 20:37:28.897257 1744282 patch_match.cc:58] 7 
I0217 20:37:28.897260 1744282 patch_match.cc:58] 20 
I0217 20:37:28.897264 1744282 patch_match.cc:58] 11 
I0217 20:37:28.897266 1744282 patch_match.cc:58] 21 
I0217 20:37:28.897269 1744282 patch_match.cc:58] 8 
I0217 20:37:28.897272 1744282 patch_match.cc:58] 19 
I0217 20:37:28.897275 1744282 patch_match.cc:58] 18 
I0217 20:37:28.897279 1744282 patch_match.cc:58] 1 
I0217 20:37:28.897281 1744282 patch_match.cc:58] 15 
I0217 20:37:28.897284 1744282 patch_match.cc:58] 16 
I0217 20:37:28.897287 1744282 patch_match.cc:58] 12 
I0217 20:37:28.897289 1744282 patch_match.cc:58] 10 
I0217 20:37:28.897292 1744282 patch_match.cc:60] 22
I0217 20:37:28.897295 1744282 misc.cc:51] 
PatchMatchOptions
-----------------
I0217 20:37:28.897298 1744282 patch_match_options.cc:47] max_image_size: -1
I0217 20:37:28.897301 1744282 patch_match_options.cc:48] gpu_index: 0
I0217 20:37:28.897303 1744282 patch_match_options.cc:49] depth_min: 1.8713
I0217 20:37:28.897311 1744282 patch_match_options.cc:50] depth_max: 9.79405
I0217 20:37:28.897315 1744282 patch_match_options.cc:51] window_radius: 5
I0217 20:37:28.897317 1744282 patch_match_options.cc:52] window_step: 1
I0217 20:37:28.897320 1744282 patch_match_options.cc:53] sigma_spatial: 5
I0217 20:37:28.897323 1744282 patch_match_options.cc:54] sigma_color: 0.2
I0217 20:37:28.897326 1744282 patch_match_options.cc:55] num_samples: 15
I0217 20:37:28.897328 1744282 patch_match_options.cc:56] ncc_sigma: 0.6
I0217 20:37:28.897331 1744282 patch_match_options.cc:57] min_triangulation_angle: 1
I0217 20:37:28.897334 1744282 patch_match_options.cc:58] incident_angle_sigma: 0.9
I0217 20:37:28.897337 1744282 patch_match_options.cc:59] num_iterations: 5
I0217 20:37:28.897341 1744282 patch_match_options.cc:60] geom_consistency: 0
I0217 20:37:28.897342 1744282 patch_match_options.cc:61] geom_consistency_regularizer: 0.3
I0217 20:37:28.897346 1744282 patch_match_options.cc:62] geom_consistency_max_cost: 3
I0217 20:37:28.897348 1744282 patch_match_options.cc:63] filter: 0
I0217 20:37:28.897351 1744282 patch_match_options.cc:64] filter_min_ncc: 0.1
I0217 20:37:28.897354 1744282 patch_match_options.cc:65] filter_min_triangulation_angle: 3
I0217 20:37:28.897357 1744282 patch_match_options.cc:66] filter_min_num_consistent: 2
I0217 20:37:28.897361 1744282 patch_match_options.cc:67] filter_geom_consistency_max_cost: 1
I0217 20:37:28.897370 1744282 patch_match_options.cc:68] write_consistency_graph: 0
I0217 20:37:28.897372 1744282 patch_match_options.cc:69] allow_missing_files: 0
I0217 20:37:28.897375 1744282 misc.cc:51] 
PatchMatch::Run
---------------
I0217 20:37:29.400254 1744282 cudacc.cc:51] Initialization: 0.3403s
I0217 20:37:30.868386 1744282 cudacc.cc:51]  Sweep 1: 1.4681s
I0217 20:37:32.887841 1744282 cudacc.cc:51]  Sweep 2: 2.0194s
I0217 20:37:34.357182 1744282 cudacc.cc:51]  Sweep 3: 1.4693s
I0217 20:37:36.324754 1744282 cudacc.cc:51]  Sweep 4: 1.9675s
I0217 20:37:36.324807 1744282 cudacc.cc:51] Iteration 1: 6.9245s
I0217 20:37:37.735644 1744282 cudacc.cc:51]  Sweep 1: 1.4108s
I0217 20:37:39.701756 1744282 cudacc.cc:51]  Sweep 2: 1.9661s
I0217 20:37:41.138382 1744282 cudacc.cc:51]  Sweep 3: 1.4366s
I0217 20:37:43.078475 1744282 cudacc.cc:51]  Sweep 4: 1.9400s
I0217 20:37:43.078513 1744282 cudacc.cc:51] Iteration 2: 6.7537s
I0217 20:37:44.475551 1744282 cudacc.cc:51]  Sweep 1: 1.3970s
I0217 20:37:46.421917 1744282 cudacc.cc:51]  Sweep 2: 1.9463s
I0217 20:37:47.846752 1744282 cudacc.cc:51]  Sweep 3: 1.4248s
I0217 20:37:49.767127 1744282 cudacc.cc:51]  Sweep 4: 1.9203s
I0217 20:37:49.767161 1744282 cudacc.cc:51] Iteration 3: 6.6886s
I0217 20:37:51.166613 1744282 cudacc.cc:51]  Sweep 1: 1.3994s
I0217 20:37:53.098141 1744282 cudacc.cc:51]  Sweep 2: 1.9315s
I0217 20:37:54.512178 1744282 cudacc.cc:51]  Sweep 3: 1.4140s
I0217 20:37:56.408138 1744282 cudacc.cc:51]  Sweep 4: 1.8959s
I0217 20:37:56.408170 1744282 cudacc.cc:51] Iteration 4: 6.6410s
I0217 20:37:57.795430 1744282 cudacc.cc:51]  Sweep 1: 1.3872s
I0217 20:37:59.710570 1744282 cudacc.cc:51]  Sweep 2: 1.9151s
I0217 20:38:01.125695 1744282 cudacc.cc:51]  Sweep 3: 1.4151s
I0217 20:38:02.994354 1744282 cudacc.cc:51]  Sweep 4: 1.8686s
I0217 20:38:02.994387 1744282 cudacc.cc:51] Iteration 5: 6.5862s
I0217 20:38:02.994396 1744282 cudacc.cc:51] Total: 33.9343s
I0217 20:38:02.994401 1744282 patch_match.cc:504] 
Writing photometric output for 13.png
I0217 20:38:04.724825 1744282 misc.cc:44] 
==============================================================================
Processing view 6 / 24 for 12.png
==============================================================================
I0217 20:38:04.724876 1744282 patch_match.cc:461] Reading inputs...
I0217 20:38:04.743947 1744282 misc.cc:51] 
PatchMatch::Problem
-------------------
I0217 20:38:04.743973 1744282 patch_match.cc:54] ref_image_idx: 5
I0217 20:38:04.743975 1744282 patch_match.cc:55] src_image_idxs: 
I0217 20:38:04.743978 1744282 patch_match.cc:58] 20 
I0217 20:38:04.743981 1744282 patch_match.cc:58] 1 
I0217 20:38:04.743983 1744282 patch_match.cc:58] 14 
I0217 20:38:04.743986 1744282 patch_match.cc:58] 2 
I0217 20:38:04.743988 1744282 patch_match.cc:58] 22 
I0217 20:38:04.743991 1744282 patch_match.cc:58] 7 
I0217 20:38:04.743993 1744282 patch_match.cc:58] 10 
I0217 20:38:04.743996 1744282 patch_match.cc:58] 23 
I0217 20:38:04.743999 1744282 patch_match.cc:58] 8 
I0217 20:38:04.744002 1744282 patch_match.cc:58] 21 
I0217 20:38:04.744005 1744282 patch_match.cc:58] 3 
I0217 20:38:04.744007 1744282 patch_match.cc:58] 0 
I0217 20:38:04.744010 1744282 patch_match.cc:58] 13 
I0217 20:38:04.744012 1744282 patch_match.cc:58] 18 
I0217 20:38:04.744015 1744282 patch_match.cc:58] 15 
I0217 20:38:04.744017 1744282 patch_match.cc:58] 17 
I0217 20:38:04.744020 1744282 patch_match.cc:58] 4 
I0217 20:38:04.744022 1744282 patch_match.cc:58] 9 
I0217 20:38:04.744025 1744282 patch_match.cc:60] 11
I0217 20:38:04.744028 1744282 misc.cc:51] 
PatchMatchOptions
-----------------
I0217 20:38:04.744031 1744282 patch_match_options.cc:47] max_image_size: -1
I0217 20:38:04.744035 1744282 patch_match_options.cc:48] gpu_index: 0
I0217 20:38:04.744036 1744282 patch_match_options.cc:49] depth_min: 1.34275
I0217 20:38:04.744045 1744282 patch_match_options.cc:50] depth_max: 9.21772
I0217 20:38:04.744047 1744282 patch_match_options.cc:51] window_radius: 5
I0217 20:38:04.744050 1744282 patch_match_options.cc:52] window_step: 1
I0217 20:38:04.744062 1744282 patch_match_options.cc:53] sigma_spatial: 5
I0217 20:38:04.744064 1744282 patch_match_options.cc:54] sigma_color: 0.2
I0217 20:38:04.744067 1744282 patch_match_options.cc:55] num_samples: 15
I0217 20:38:04.744068 1744282 patch_match_options.cc:56] ncc_sigma: 0.6
I0217 20:38:04.744071 1744282 patch_match_options.cc:57] min_triangulation_angle: 1
I0217 20:38:04.744073 1744282 patch_match_options.cc:58] incident_angle_sigma: 0.9
I0217 20:38:04.744076 1744282 patch_match_options.cc:59] num_iterations: 5
I0217 20:38:04.744077 1744282 patch_match_options.cc:60] geom_consistency: 0
I0217 20:38:04.744079 1744282 patch_match_options.cc:61] geom_consistency_regularizer: 0.3
I0217 20:38:04.744081 1744282 patch_match_options.cc:62] geom_consistency_max_cost: 3
I0217 20:38:04.744083 1744282 patch_match_options.cc:63] filter: 0
I0217 20:38:04.744086 1744282 patch_match_options.cc:64] filter_min_ncc: 0.1
I0217 20:38:04.744088 1744282 patch_match_options.cc:65] filter_min_triangulation_angle: 3
I0217 20:38:04.744091 1744282 patch_match_options.cc:66] filter_min_num_consistent: 2
I0217 20:38:04.744092 1744282 patch_match_options.cc:67] filter_geom_consistency_max_cost: 1
I0217 20:38:04.744094 1744282 patch_match_options.cc:68] write_consistency_graph: 0
I0217 20:38:04.744096 1744282 patch_match_options.cc:69] allow_missing_files: 0
I0217 20:38:04.744098 1744282 misc.cc:51] 
PatchMatch::Run
---------------
I0217 20:38:05.209846 1744282 cudacc.cc:51] Initialization: 0.3188s
I0217 20:38:06.692102 1744282 cudacc.cc:51]  Sweep 1: 1.4822s
I0217 20:38:08.712867 1744282 cudacc.cc:51]  Sweep 2: 2.0207s
I0217 20:38:10.164265 1744282 cudacc.cc:51]  Sweep 3: 1.4513s
I0217 20:38:12.077380 1744282 cudacc.cc:51]  Sweep 4: 1.9131s
I0217 20:38:12.077414 1744282 cudacc.cc:51] Iteration 1: 6.8675s
I0217 20:38:13.486413 1744282 cudacc.cc:51]  Sweep 1: 1.4090s
I0217 20:38:15.449151 1744282 cudacc.cc:51]  Sweep 2: 1.9627s
I0217 20:38:16.865883 1744282 cudacc.cc:51]  Sweep 3: 1.4167s
I0217 20:38:18.751394 1744282 cudacc.cc:51]  Sweep 4: 1.8855s
I0217 20:38:18.751433 1744282 cudacc.cc:51] Iteration 2: 6.6740s
I0217 20:38:20.152369 1744282 cudacc.cc:51]  Sweep 1: 1.4009s
I0217 20:38:22.095175 1744282 cudacc.cc:51]  Sweep 2: 1.9427s
I0217 20:38:23.499364 1744282 cudacc.cc:51]  Sweep 3: 1.4041s
I0217 20:38:25.366740 1744282 cudacc.cc:51]  Sweep 4: 1.8673s
I0217 20:38:25.366775 1744282 cudacc.cc:51] Iteration 3: 6.6153s
I0217 20:38:26.743963 1744282 cudacc.cc:51]  Sweep 1: 1.3772s
I0217 20:38:28.669956 1744282 cudacc.cc:51]  Sweep 2: 1.9259s
I0217 20:38:30.063647 1744282 cudacc.cc:51]  Sweep 3: 1.3936s
I0217 20:38:31.899605 1744282 cudacc.cc:51]  Sweep 4: 1.8359s
I0217 20:38:31.899638 1744282 cudacc.cc:51] Iteration 4: 6.5328s
I0217 20:38:33.257855 1744282 cudacc.cc:51]  Sweep 1: 1.3582s
I0217 20:38:35.160122 1744282 cudacc.cc:51]  Sweep 2: 1.9022s
I0217 20:38:36.553830 1744282 cudacc.cc:51]  Sweep 3: 1.3937s
I0217 20:38:38.363567 1744282 cudacc.cc:51]  Sweep 4: 1.8097s
I0217 20:38:38.363601 1744282 cudacc.cc:51] Iteration 5: 6.4639s
I0217 20:38:38.363610 1744282 cudacc.cc:51] Total: 33.4724s
I0217 20:38:38.363615 1744282 patch_match.cc:504] 
Writing photometric output for 12.png
I0217 20:38:40.253593 1744282 misc.cc:44] 
==============================================================================
Processing view 7 / 24 for 16.png
==============================================================================
I0217 20:38:40.253623 1744282 patch_match.cc:461] Reading inputs...
I0217 20:38:40.268945 1744282 misc.cc:51] 
PatchMatch::Problem
-------------------
I0217 20:38:40.268963 1744282 patch_match.cc:54] ref_image_idx: 6
I0217 20:38:40.268967 1744282 patch_match.cc:55] src_image_idxs: 
I0217 20:38:40.268970 1744282 patch_match.cc:58] 3 
I0217 20:38:40.268972 1744282 patch_match.cc:58] 11 
I0217 20:38:40.268975 1744282 patch_match.cc:58] 16 
I0217 20:38:40.268978 1744282 patch_match.cc:58] 12 
I0217 20:38:40.268980 1744282 patch_match.cc:58] 14 
I0217 20:38:40.268983 1744282 patch_match.cc:58] 1 
I0217 20:38:40.268985 1744282 patch_match.cc:58] 22 
I0217 20:38:40.268998 1744282 patch_match.cc:58] 9 
I0217 20:38:40.269001 1744282 patch_match.cc:58] 2 
I0217 20:38:40.269003 1744282 patch_match.cc:58] 19 
I0217 20:38:40.269004 1744282 patch_match.cc:58] 13 
I0217 20:38:40.269006 1744282 patch_match.cc:58] 20 
I0217 20:38:40.269008 1744282 patch_match.cc:58] 7 
I0217 20:38:40.269011 1744282 patch_match.cc:58] 23 
I0217 20:38:40.269012 1744282 patch_match.cc:60] 4
I0217 20:38:40.269014 1744282 misc.cc:51] 
PatchMatchOptions
-----------------
I0217 20:38:40.269016 1744282 patch_match_options.cc:47] max_image_size: -1
I0217 20:38:40.269018 1744282 patch_match_options.cc:48] gpu_index: 0
I0217 20:38:40.269021 1744282 patch_match_options.cc:49] depth_min: 0.807193
I0217 20:38:40.269028 1744282 patch_match_options.cc:50] depth_max: 16.1716
I0217 20:38:40.269032 1744282 patch_match_options.cc:51] window_radius: 5
I0217 20:38:40.269033 1744282 patch_match_options.cc:52] window_step: 1
I0217 20:38:40.269035 1744282 patch_match_options.cc:53] sigma_spatial: 5
I0217 20:38:40.269037 1744282 patch_match_options.cc:54] sigma_color: 0.2
I0217 20:38:40.269039 1744282 patch_match_options.cc:55] num_samples: 15
I0217 20:38:40.269042 1744282 patch_match_options.cc:56] ncc_sigma: 0.6
I0217 20:38:40.269044 1744282 patch_match_options.cc:57] min_triangulation_angle: 1
I0217 20:38:40.269047 1744282 patch_match_options.cc:58] incident_angle_sigma: 0.9
I0217 20:38:40.269048 1744282 patch_match_options.cc:59] num_iterations: 5
I0217 20:38:40.269050 1744282 patch_match_options.cc:60] geom_consistency: 0
I0217 20:38:40.269052 1744282 patch_match_options.cc:61] geom_consistency_regularizer: 0.3
I0217 20:38:40.269054 1744282 patch_match_options.cc:62] geom_consistency_max_cost: 3
I0217 20:38:40.269057 1744282 patch_match_options.cc:63] filter: 0
I0217 20:38:40.269059 1744282 patch_match_options.cc:64] filter_min_ncc: 0.1
I0217 20:38:40.269061 1744282 patch_match_options.cc:65] filter_min_triangulation_angle: 3
I0217 20:38:40.269063 1744282 patch_match_options.cc:66] filter_min_num_consistent: 2
I0217 20:38:40.269065 1744282 patch_match_options.cc:67] filter_geom_consistency_max_cost: 1
I0217 20:38:40.269068 1744282 patch_match_options.cc:68] write_consistency_graph: 0
I0217 20:38:40.269069 1744282 patch_match_options.cc:69] allow_missing_files: 0
I0217 20:38:40.269071 1744282 misc.cc:51] 
PatchMatch::Run
---------------
I0217 20:38:40.625965 1744282 cudacc.cc:51] Initialization: 0.2293s
I0217 20:38:41.990970 1744282 cudacc.cc:51]  Sweep 1: 1.3650s
I0217 20:38:43.838824 1744282 cudacc.cc:51]  Sweep 2: 1.8478s
I0217 20:38:45.172755 1744282 cudacc.cc:51]  Sweep 3: 1.3339s
I0217 20:38:47.039685 1744282 cudacc.cc:51]  Sweep 4: 1.8669s
I0217 20:38:47.039721 1744282 cudacc.cc:51] Iteration 1: 6.4137s
I0217 20:38:48.376035 1744282 cudacc.cc:51]  Sweep 1: 1.3363s
I0217 20:38:50.209010 1744282 cudacc.cc:51]  Sweep 2: 1.8329s
I0217 20:38:51.513491 1744282 cudacc.cc:51]  Sweep 3: 1.3044s
I0217 20:38:53.355098 1744282 cudacc.cc:51]  Sweep 4: 1.8416s
I0217 20:38:53.355129 1744282 cudacc.cc:51] Iteration 2: 6.3154s
I0217 20:38:54.681459 1744282 cudacc.cc:51]  Sweep 1: 1.3263s
I0217 20:38:56.497306 1744282 cudacc.cc:51]  Sweep 2: 1.8158s
I0217 20:38:57.797784 1744282 cudacc.cc:51]  Sweep 3: 1.3004s
I0217 20:38:59.630865 1744282 cudacc.cc:51]  Sweep 4: 1.8330s
I0217 20:38:59.630895 1744282 cudacc.cc:51] Iteration 3: 6.2757s
I0217 20:39:00.957924 1744282 cudacc.cc:51]  Sweep 1: 1.3270s
I0217 20:39:02.764950 1744282 cudacc.cc:51]  Sweep 2: 1.8070s
I0217 20:39:04.062150 1744282 cudacc.cc:51]  Sweep 3: 1.2972s
I0217 20:39:05.873471 1744282 cudacc.cc:51]  Sweep 4: 1.8113s
I0217 20:39:05.873507 1744282 cudacc.cc:51] Iteration 4: 6.2426s
I0217 20:39:07.185060 1744282 cudacc.cc:51]  Sweep 1: 1.3115s
I0217 20:39:08.980397 1744282 cudacc.cc:51]  Sweep 2: 1.7953s
I0217 20:39:10.263326 1744282 cudacc.cc:51]  Sweep 3: 1.2829s
I0217 20:39:12.047268 1744282 cudacc.cc:51]  Sweep 4: 1.7839s
I0217 20:39:12.047299 1744282 cudacc.cc:51] Iteration 5: 6.1738s
I0217 20:39:12.047308 1744282 cudacc.cc:51] Total: 31.6505s
I0217 20:39:12.047322 1744282 patch_match.cc:504] 
Writing photometric output for 16.png
I0217 20:39:13.736048 1744282 misc.cc:44] 
==============================================================================
Processing view 8 / 24 for 15.png
==============================================================================
I0217 20:39:13.736075 1744282 patch_match.cc:461] Reading inputs...
I0217 20:39:13.754225 1744282 misc.cc:51] 
PatchMatch::Problem
-------------------
I0217 20:39:13.754236 1744282 patch_match.cc:54] ref_image_idx: 7
I0217 20:39:13.754240 1744282 patch_match.cc:55] src_image_idxs: 
I0217 20:39:13.754240 1744282 patch_match.cc:58] 3 
I0217 20:39:13.754242 1744282 patch_match.cc:58] 5 
I0217 20:39:13.754244 1744282 patch_match.cc:58] 6 
I0217 20:39:13.754246 1744282 patch_match.cc:58] 14 
I0217 20:39:13.754248 1744282 patch_match.cc:58] 22 
I0217 20:39:13.754251 1744282 patch_match.cc:58] 4 
I0217 20:39:13.754252 1744282 patch_match.cc:58] 11 
I0217 20:39:13.754253 1744282 patch_match.cc:58] 1 
I0217 20:39:13.754256 1744282 patch_match.cc:58] 21 
I0217 20:39:13.754257 1744282 patch_match.cc:58] 8 
I0217 20:39:13.754259 1744282 patch_match.cc:58] 19 
I0217 20:39:13.754261 1744282 patch_match.cc:58] 18 
I0217 20:39:13.754263 1744282 patch_match.cc:58] 20 
I0217 20:39:13.754264 1744282 patch_match.cc:58] 15 
I0217 20:39:13.754266 1744282 patch_match.cc:58] 2 
I0217 20:39:13.754268 1744282 patch_match.cc:58] 16 
I0217 20:39:13.754271 1744282 patch_match.cc:58] 12 
I0217 20:39:13.754272 1744282 patch_match.cc:60] 10
I0217 20:39:13.754274 1744282 misc.cc:51] 
PatchMatchOptions
-----------------
I0217 20:39:13.754276 1744282 patch_match_options.cc:47] max_image_size: -1
I0217 20:39:13.754278 1744282 patch_match_options.cc:48] gpu_index: 0
I0217 20:39:13.754280 1744282 patch_match_options.cc:49] depth_min: 2.11703
I0217 20:39:13.754287 1744282 patch_match_options.cc:50] depth_max: 9.97921
I0217 20:39:13.754290 1744282 patch_match_options.cc:51] window_radius: 5
I0217 20:39:13.754292 1744282 patch_match_options.cc:52] window_step: 1
I0217 20:39:13.754294 1744282 patch_match_options.cc:53] sigma_spatial: 5
I0217 20:39:13.754297 1744282 patch_match_options.cc:54] sigma_color: 0.2
I0217 20:39:13.754298 1744282 patch_match_options.cc:55] num_samples: 15
I0217 20:39:13.754300 1744282 patch_match_options.cc:56] ncc_sigma: 0.6
I0217 20:39:13.754302 1744282 patch_match_options.cc:57] min_triangulation_angle: 1
I0217 20:39:13.754304 1744282 patch_match_options.cc:58] incident_angle_sigma: 0.9
I0217 20:39:13.754307 1744282 patch_match_options.cc:59] num_iterations: 5
I0217 20:39:13.754308 1744282 patch_match_options.cc:60] geom_consistency: 0
I0217 20:39:13.754312 1744282 patch_match_options.cc:61] geom_consistency_regularizer: 0.3
I0217 20:39:13.754313 1744282 patch_match_options.cc:62] geom_consistency_max_cost: 3
I0217 20:39:13.754315 1744282 patch_match_options.cc:63] filter: 0
I0217 20:39:13.754317 1744282 patch_match_options.cc:64] filter_min_ncc: 0.1
I0217 20:39:13.754319 1744282 patch_match_options.cc:65] filter_min_triangulation_angle: 3
I0217 20:39:13.754321 1744282 patch_match_options.cc:66] filter_min_num_consistent: 2
I0217 20:39:13.754323 1744282 patch_match_options.cc:67] filter_geom_consistency_max_cost: 1
I0217 20:39:13.754325 1744282 patch_match_options.cc:68] write_consistency_graph: 0
I0217 20:39:13.754328 1744282 patch_match_options.cc:69] allow_missing_files: 0
I0217 20:39:13.754329 1744282 misc.cc:51] 
PatchMatch::Run
---------------
I0217 20:39:14.185123 1744282 cudacc.cc:51] Initialization: 0.2846s
I0217 20:39:15.598748 1744282 cudacc.cc:51]  Sweep 1: 1.4136s
I0217 20:39:17.608549 1744282 cudacc.cc:51]  Sweep 2: 2.0097s
I0217 20:39:18.975194 1744282 cudacc.cc:51]  Sweep 3: 1.3666s
I0217 20:39:20.900079 1744282 cudacc.cc:51]  Sweep 4: 1.9248s
I0217 20:39:20.900118 1744282 cudacc.cc:51] Iteration 1: 6.7149s
I0217 20:39:22.256112 1744282 cudacc.cc:51]  Sweep 1: 1.3560s
I0217 20:39:24.205941 1744282 cudacc.cc:51]  Sweep 2: 1.9498s
I0217 20:39:25.536707 1744282 cudacc.cc:51]  Sweep 3: 1.3307s
I0217 20:39:27.426355 1744282 cudacc.cc:51]  Sweep 4: 1.8896s
I0217 20:39:27.426389 1744282 cudacc.cc:51] Iteration 2: 6.5262s
I0217 20:39:28.765470 1744282 cudacc.cc:51]  Sweep 1: 1.3391s
I0217 20:39:30.697336 1744282 cudacc.cc:51]  Sweep 2: 1.9318s
I0217 20:39:32.025467 1744282 cudacc.cc:51]  Sweep 3: 1.3281s
I0217 20:39:33.904088 1744282 cudacc.cc:51]  Sweep 4: 1.8786s
I0217 20:39:33.904119 1744282 cudacc.cc:51] Iteration 3: 6.4777s
I0217 20:39:35.244961 1744282 cudacc.cc:51]  Sweep 1: 1.3408s
I0217 20:39:37.150924 1744282 cudacc.cc:51]  Sweep 2: 1.9059s
I0217 20:39:38.473198 1744282 cudacc.cc:51]  Sweep 3: 1.3222s
I0217 20:39:40.326007 1744282 cudacc.cc:51]  Sweep 4: 1.8528s
I0217 20:39:40.326042 1744282 cudacc.cc:51] Iteration 4: 6.4219s
I0217 20:39:41.665663 1744282 cudacc.cc:51]  Sweep 1: 1.3396s
I0217 20:39:43.545056 1744282 cudacc.cc:51]  Sweep 2: 1.8793s
I0217 20:39:44.861256 1744282 cudacc.cc:51]  Sweep 3: 1.3162s
I0217 20:39:46.692538 1744282 cudacc.cc:51]  Sweep 4: 1.8312s
I0217 20:39:46.692572 1744282 cudacc.cc:51] Iteration 5: 6.3665s
I0217 20:39:46.692581 1744282 cudacc.cc:51] Total: 32.7919s
I0217 20:39:46.692586 1744282 patch_match.cc:504] 
Writing photometric output for 15.png
I0217 20:39:48.598241 1744282 misc.cc:44] 
==============================================================================
Processing view 9 / 24 for 18.png
==============================================================================
I0217 20:39:48.598268 1744282 patch_match.cc:461] Reading inputs...
I0217 20:39:48.617606 1744282 misc.cc:51] 
PatchMatch::Problem
-------------------
I0217 20:39:48.617619 1744282 patch_match.cc:54] ref_image_idx: 8
I0217 20:39:48.617621 1744282 patch_match.cc:55] src_image_idxs: 
I0217 20:39:48.617623 1744282 patch_match.cc:58] 16 
I0217 20:39:48.617626 1744282 patch_match.cc:58] 20 
I0217 20:39:48.617628 1744282 patch_match.cc:58] 1 
I0217 20:39:48.617631 1744282 patch_match.cc:58] 2 
I0217 20:39:48.617633 1744282 patch_match.cc:58] 22 
I0217 20:39:48.617636 1744282 patch_match.cc:58] 11 
I0217 20:39:48.617638 1744282 patch_match.cc:58] 10 
I0217 20:39:48.617641 1744282 patch_match.cc:58] 23 
I0217 20:39:48.617643 1744282 patch_match.cc:58] 5 
I0217 20:39:48.617646 1744282 patch_match.cc:58] 18 
I0217 20:39:48.617648 1744282 patch_match.cc:58] 0 
I0217 20:39:48.617651 1744282 patch_match.cc:58] 13 
I0217 20:39:48.617655 1744282 patch_match.cc:58] 3 
I0217 20:39:48.617656 1744282 patch_match.cc:58] 17 
I0217 20:39:48.617659 1744282 patch_match.cc:58] 4 
I0217 20:39:48.617661 1744282 patch_match.cc:58] 15 
I0217 20:39:48.617663 1744282 patch_match.cc:58] 21 
I0217 20:39:48.617666 1744282 patch_match.cc:58] 9 
I0217 20:39:48.617668 1744282 patch_match.cc:60] 7
I0217 20:39:48.617671 1744282 misc.cc:51] 
PatchMatchOptions
-----------------
I0217 20:39:48.617674 1744282 patch_match_options.cc:47] max_image_size: -1
I0217 20:39:48.617676 1744282 patch_match_options.cc:48] gpu_index: 0
I0217 20:39:48.617679 1744282 patch_match_options.cc:49] depth_min: 1.99818
I0217 20:39:48.617686 1744282 patch_match_options.cc:50] depth_max: 10.8778
I0217 20:39:48.617689 1744282 patch_match_options.cc:51] window_radius: 5
I0217 20:39:48.617692 1744282 patch_match_options.cc:52] window_step: 1
I0217 20:39:48.617694 1744282 patch_match_options.cc:53] sigma_spatial: 5
I0217 20:39:48.617698 1744282 patch_match_options.cc:54] sigma_color: 0.2
I0217 20:39:48.617702 1744282 patch_match_options.cc:55] num_samples: 15
I0217 20:39:48.617703 1744282 patch_match_options.cc:56] ncc_sigma: 0.6
I0217 20:39:48.617707 1744282 patch_match_options.cc:57] min_triangulation_angle: 1
I0217 20:39:48.617709 1744282 patch_match_options.cc:58] incident_angle_sigma: 0.9
I0217 20:39:48.617715 1744282 patch_match_options.cc:59] num_iterations: 5
I0217 20:39:48.617719 1744282 patch_match_options.cc:60] geom_consistency: 0
I0217 20:39:48.617722 1744282 patch_match_options.cc:61] geom_consistency_regularizer: 0.3
I0217 20:39:48.617724 1744282 patch_match_options.cc:62] geom_consistency_max_cost: 3
I0217 20:39:48.617727 1744282 patch_match_options.cc:63] filter: 0
I0217 20:39:48.617736 1744282 patch_match_options.cc:64] filter_min_ncc: 0.1
I0217 20:39:48.617738 1744282 patch_match_options.cc:65] filter_min_triangulation_angle: 3
I0217 20:39:48.617740 1744282 patch_match_options.cc:66] filter_min_num_consistent: 2
I0217 20:39:48.617743 1744282 patch_match_options.cc:67] filter_geom_consistency_max_cost: 1
I0217 20:39:48.617744 1744282 patch_match_options.cc:68] write_consistency_graph: 0
I0217 20:39:48.617746 1744282 patch_match_options.cc:69] allow_missing_files: 0
I0217 20:39:48.617748 1744282 misc.cc:51] 
PatchMatch::Run
---------------
I0217 20:39:49.073945 1744282 cudacc.cc:51] Initialization: 0.3084s
I0217 20:39:50.553258 1744282 cudacc.cc:51]  Sweep 1: 1.4793s
I0217 20:39:52.658988 1744282 cudacc.cc:51]  Sweep 2: 2.1057s
I0217 20:39:54.154361 1744282 cudacc.cc:51]  Sweep 3: 1.4953s
I0217 20:39:56.206681 1744282 cudacc.cc:51]  Sweep 4: 2.0523s
I0217 20:39:56.206722 1744282 cudacc.cc:51] Iteration 1: 7.1327s
I0217 20:39:57.669219 1744282 cudacc.cc:51]  Sweep 1: 1.4625s
I0217 20:39:59.745255 1744282 cudacc.cc:51]  Sweep 2: 2.0760s
I0217 20:40:01.230084 1744282 cudacc.cc:51]  Sweep 3: 1.4848s
I0217 20:40:03.259963 1744282 cudacc.cc:51]  Sweep 4: 2.0298s
I0217 20:40:03.259996 1744282 cudacc.cc:51] Iteration 2: 7.0532s
I0217 20:40:04.710505 1744282 cudacc.cc:51]  Sweep 1: 1.4505s
I0217 20:40:06.765257 1744282 cudacc.cc:51]  Sweep 2: 2.0547s
I0217 20:40:08.231101 1744282 cudacc.cc:51]  Sweep 3: 1.4658s
I0217 20:40:10.236508 1744282 cudacc.cc:51]  Sweep 4: 2.0054s
I0217 20:40:10.236544 1744282 cudacc.cc:51] Iteration 3: 6.9765s
I0217 20:40:11.681505 1744282 cudacc.cc:51]  Sweep 1: 1.4449s
I0217 20:40:13.709249 1744282 cudacc.cc:51]  Sweep 2: 2.0277s
I0217 20:40:15.175333 1744282 cudacc.cc:51]  Sweep 3: 1.4660s
I0217 20:40:17.150394 1744282 cudacc.cc:51]  Sweep 4: 1.9750s
I0217 20:40:17.150431 1744282 cudacc.cc:51] Iteration 4: 6.9138s
I0217 20:40:18.580363 1744282 cudacc.cc:51]  Sweep 1: 1.4299s
I0217 20:40:20.586529 1744282 cudacc.cc:51]  Sweep 2: 2.0061s
I0217 20:40:22.043357 1744282 cudacc.cc:51]  Sweep 3: 1.4568s
I0217 20:40:23.994329 1744282 cudacc.cc:51]  Sweep 4: 1.9509s
I0217 20:40:23.994369 1744282 cudacc.cc:51] Iteration 5: 6.8439s
I0217 20:40:23.994376 1744282 cudacc.cc:51] Total: 35.2286s
I0217 20:40:23.994382 1744282 patch_match.cc:504] 
Writing photometric output for 18.png
I0217 20:40:25.709709 1744282 misc.cc:44] 
==============================================================================
Processing view 10 / 24 for 14.png
==============================================================================
I0217 20:40:25.709741 1744282 patch_match.cc:461] Reading inputs...
I0217 20:40:25.747589 1744282 misc.cc:51] 
PatchMatch::Problem
-------------------
I0217 20:40:25.747610 1744282 patch_match.cc:54] ref_image_idx: 9
I0217 20:40:25.747613 1744282 patch_match.cc:55] src_image_idxs: 
I0217 20:40:25.747615 1744282 patch_match.cc:58] 21 
I0217 20:40:25.747618 1744282 patch_match.cc:58] 4 
I0217 20:40:25.747620 1744282 patch_match.cc:58] 20 
I0217 20:40:25.747623 1744282 patch_match.cc:58] 19 
I0217 20:40:25.747625 1744282 patch_match.cc:58] 1 
I0217 20:40:25.747627 1744282 patch_match.cc:58] 18 
I0217 20:40:25.747630 1744282 patch_match.cc:58] 6 
I0217 20:40:25.747632 1744282 patch_match.cc:58] 13 
I0217 20:40:25.747635 1744282 patch_match.cc:58] 0 
I0217 20:40:25.747637 1744282 patch_match.cc:58] 23 
I0217 20:40:25.747640 1744282 patch_match.cc:58] 10 
I0217 20:40:25.747643 1744282 patch_match.cc:58] 3 
I0217 20:40:25.747645 1744282 patch_match.cc:58] 16 
I0217 20:40:25.747648 1744282 patch_match.cc:58] 22 
I0217 20:40:25.747650 1744282 patch_match.cc:58] 14 
I0217 20:40:25.747653 1744282 patch_match.cc:58] 2 
I0217 20:40:25.747655 1744282 patch_match.cc:58] 17 
I0217 20:40:25.747658 1744282 patch_match.cc:58] 5 
I0217 20:40:25.747660 1744282 patch_match.cc:58] 12 
I0217 20:40:25.747663 1744282 patch_match.cc:60] 8
I0217 20:40:25.747665 1744282 misc.cc:51] 
PatchMatchOptions
-----------------
I0217 20:40:25.747668 1744282 patch_match_options.cc:47] max_image_size: -1
I0217 20:40:25.747678 1744282 patch_match_options.cc:48] gpu_index: 0
I0217 20:40:25.747680 1744282 patch_match_options.cc:49] depth_min: 2.00146
I0217 20:40:25.747687 1744282 patch_match_options.cc:50] depth_max: 11.1946
I0217 20:40:25.747690 1744282 patch_match_options.cc:51] window_radius: 5
I0217 20:40:25.747692 1744282 patch_match_options.cc:52] window_step: 1
I0217 20:40:25.747694 1744282 patch_match_options.cc:53] sigma_spatial: 5
I0217 20:40:25.747696 1744282 patch_match_options.cc:54] sigma_color: 0.2
I0217 20:40:25.747699 1744282 patch_match_options.cc:55] num_samples: 15
I0217 20:40:25.747701 1744282 patch_match_options.cc:56] ncc_sigma: 0.6
I0217 20:40:25.747704 1744282 patch_match_options.cc:57] min_triangulation_angle: 1
I0217 20:40:25.747705 1744282 patch_match_options.cc:58] incident_angle_sigma: 0.9
I0217 20:40:25.747707 1744282 patch_match_options.cc:59] num_iterations: 5
I0217 20:40:25.747709 1744282 patch_match_options.cc:60] geom_consistency: 0
I0217 20:40:25.747715 1744282 patch_match_options.cc:61] geom_consistency_regularizer: 0.3
I0217 20:40:25.747718 1744282 patch_match_options.cc:62] geom_consistency_max_cost: 3
I0217 20:40:25.747721 1744282 patch_match_options.cc:63] filter: 0
I0217 20:40:25.747723 1744282 patch_match_options.cc:64] filter_min_ncc: 0.1
I0217 20:40:25.747725 1744282 patch_match_options.cc:65] filter_min_triangulation_angle: 3
I0217 20:40:25.747727 1744282 patch_match_options.cc:66] filter_min_num_consistent: 2
I0217 20:40:25.747730 1744282 patch_match_options.cc:67] filter_geom_consistency_max_cost: 1
I0217 20:40:25.747731 1744282 patch_match_options.cc:68] write_consistency_graph: 0
I0217 20:40:25.747733 1744282 patch_match_options.cc:69] allow_missing_files: 0
I0217 20:40:25.747735 1744282 misc.cc:51] 
PatchMatch::Run
---------------
I0217 20:40:26.230756 1744282 cudacc.cc:51] Initialization: 0.3300s
I0217 20:40:27.689576 1744282 cudacc.cc:51]  Sweep 1: 1.4588s
I0217 20:40:29.750504 1744282 cudacc.cc:51]  Sweep 2: 2.0609s
I0217 20:40:31.222108 1744282 cudacc.cc:51]  Sweep 3: 1.4716s
I0217 20:40:33.235056 1744282 cudacc.cc:51]  Sweep 4: 2.0129s
I0217 20:40:33.235095 1744282 cudacc.cc:51] Iteration 1: 7.0043s
I0217 20:40:34.634546 1744282 cudacc.cc:51]  Sweep 1: 1.3994s
I0217 20:40:36.639196 1744282 cudacc.cc:51]  Sweep 2: 2.0046s
I0217 20:40:38.016142 1744282 cudacc.cc:51]  Sweep 3: 1.3769s
I0217 20:40:39.993184 1744282 cudacc.cc:51]  Sweep 4: 1.9770s
I0217 20:40:39.993222 1744282 cudacc.cc:51] Iteration 2: 6.7581s
I0217 20:40:41.388628 1744282 cudacc.cc:51]  Sweep 1: 1.3954s
I0217 20:40:43.381269 1744282 cudacc.cc:51]  Sweep 2: 1.9926s
I0217 20:40:44.744293 1744282 cudacc.cc:51]  Sweep 3: 1.3630s
I0217 20:40:46.711494 1744282 cudacc.cc:51]  Sweep 4: 1.9672s
I0217 20:40:46.711532 1744282 cudacc.cc:51] Iteration 3: 6.7183s
I0217 20:40:48.113833 1744282 cudacc.cc:51]  Sweep 1: 1.4023s
I0217 20:40:50.085850 1744282 cudacc.cc:51]  Sweep 2: 1.9720s
I0217 20:40:51.428390 1744282 cudacc.cc:51]  Sweep 3: 1.3425s
I0217 20:40:53.369602 1744282 cudacc.cc:51]  Sweep 4: 1.9412s
I0217 20:40:53.369640 1744282 cudacc.cc:51] Iteration 4: 6.6581s
I0217 20:40:54.773360 1744282 cudacc.cc:51]  Sweep 1: 1.4037s
I0217 20:40:56.724237 1744282 cudacc.cc:51]  Sweep 2: 1.9508s
I0217 20:40:58.057924 1744282 cudacc.cc:51]  Sweep 3: 1.3336s
I0217 20:40:59.977082 1744282 cudacc.cc:51]  Sweep 4: 1.9191s
I0217 20:40:59.977119 1744282 cudacc.cc:51] Iteration 5: 6.6074s
I0217 20:40:59.977128 1744282 cudacc.cc:51] Total: 34.0762s
I0217 20:40:59.977150 1744282 patch_match.cc:504] 
Writing photometric output for 14.png
I0217 20:41:01.603377 1744282 misc.cc:44] 
==============================================================================
Processing view 11 / 24 for 17.png
==============================================================================
I0217 20:41:01.603410 1744282 patch_match.cc:461] Reading inputs...
I0217 20:41:01.641557 1744282 misc.cc:51] 
PatchMatch::Problem
-------------------
I0217 20:41:01.641573 1744282 patch_match.cc:54] ref_image_idx: 10
I0217 20:41:01.641577 1744282 patch_match.cc:55] src_image_idxs: 
I0217 20:41:01.641585 1744282 patch_match.cc:58] 16 
I0217 20:41:01.641587 1744282 patch_match.cc:58] 20 
I0217 20:41:01.641588 1744282 patch_match.cc:58] 1 
I0217 20:41:01.641590 1744282 patch_match.cc:58] 2 
I0217 20:41:01.641592 1744282 patch_match.cc:58] 14 
I0217 20:41:01.641594 1744282 patch_match.cc:58] 22 
I0217 20:41:01.641595 1744282 patch_match.cc:58] 11 
I0217 20:41:01.641597 1744282 patch_match.cc:58] 5 
I0217 20:41:01.641599 1744282 patch_match.cc:58] 18 
I0217 20:41:01.641602 1744282 patch_match.cc:58] 3 
I0217 20:41:01.641602 1744282 patch_match.cc:58] 8 
I0217 20:41:01.641604 1744282 patch_match.cc:58] 21 
I0217 20:41:01.641606 1744282 patch_match.cc:58] 17 
I0217 20:41:01.641608 1744282 patch_match.cc:58] 4 
I0217 20:41:01.641610 1744282 patch_match.cc:58] 0 
I0217 20:41:01.641613 1744282 patch_match.cc:58] 13 
I0217 20:41:01.641614 1744282 patch_match.cc:58] 15 
I0217 20:41:01.641616 1744282 patch_match.cc:58] 9 
I0217 20:41:01.641618 1744282 patch_match.cc:58] 23 
I0217 20:41:01.641620 1744282 patch_match.cc:60] 7
I0217 20:41:01.641623 1744282 misc.cc:51] 
PatchMatchOptions
-----------------
I0217 20:41:01.641624 1744282 patch_match_options.cc:47] max_image_size: -1
I0217 20:41:01.641626 1744282 patch_match_options.cc:48] gpu_index: 0
I0217 20:41:01.641628 1744282 patch_match_options.cc:49] depth_min: 2.0343
I0217 20:41:01.641634 1744282 patch_match_options.cc:50] depth_max: 9.18197
I0217 20:41:01.641637 1744282 patch_match_options.cc:51] window_radius: 5
I0217 20:41:01.641639 1744282 patch_match_options.cc:52] window_step: 1
I0217 20:41:01.641640 1744282 patch_match_options.cc:53] sigma_spatial: 5
I0217 20:41:01.641644 1744282 patch_match_options.cc:54] sigma_color: 0.2
I0217 20:41:01.641645 1744282 patch_match_options.cc:55] num_samples: 15
I0217 20:41:01.641647 1744282 patch_match_options.cc:56] ncc_sigma: 0.6
I0217 20:41:01.641649 1744282 patch_match_options.cc:57] min_triangulation_angle: 1
I0217 20:41:01.641651 1744282 patch_match_options.cc:58] incident_angle_sigma: 0.9
I0217 20:41:01.641654 1744282 patch_match_options.cc:59] num_iterations: 5
I0217 20:41:01.641655 1744282 patch_match_options.cc:60] geom_consistency: 0
I0217 20:41:01.641657 1744282 patch_match_options.cc:61] geom_consistency_regularizer: 0.3
I0217 20:41:01.641659 1744282 patch_match_options.cc:62] geom_consistency_max_cost: 3
I0217 20:41:01.641661 1744282 patch_match_options.cc:63] filter: 0
I0217 20:41:01.641662 1744282 patch_match_options.cc:64] filter_min_ncc: 0.1
I0217 20:41:01.641665 1744282 patch_match_options.cc:65] filter_min_triangulation_angle: 3
I0217 20:41:01.641667 1744282 patch_match_options.cc:66] filter_min_num_consistent: 2
I0217 20:41:01.641669 1744282 patch_match_options.cc:67] filter_geom_consistency_max_cost: 1
I0217 20:41:01.641671 1744282 patch_match_options.cc:68] write_consistency_graph: 0
I0217 20:41:01.641673 1744282 patch_match_options.cc:69] allow_missing_files: 0
I0217 20:41:01.641675 1744282 misc.cc:51] 
PatchMatch::Run
---------------
I0217 20:41:02.136327 1744282 cudacc.cc:51] Initialization: 0.3400s
I0217 20:41:03.623026 1744282 cudacc.cc:51]  Sweep 1: 1.4866s
I0217 20:41:05.630961 1744282 cudacc.cc:51]  Sweep 2: 2.0079s
I0217 20:41:07.070942 1744282 cudacc.cc:51]  Sweep 3: 1.4399s
I0217 20:41:09.006516 1744282 cudacc.cc:51]  Sweep 4: 1.9355s
I0217 20:41:09.006546 1744282 cudacc.cc:51] Iteration 1: 6.8701s
I0217 20:41:10.400511 1744282 cudacc.cc:51]  Sweep 1: 1.3939s
I0217 20:41:12.339504 1744282 cudacc.cc:51]  Sweep 2: 1.9389s
I0217 20:41:13.727538 1744282 cudacc.cc:51]  Sweep 3: 1.3880s
I0217 20:41:15.635072 1744282 cudacc.cc:51]  Sweep 4: 1.9075s
I0217 20:41:15.635102 1744282 cudacc.cc:51] Iteration 2: 6.6285s
I0217 20:41:17.023581 1744282 cudacc.cc:51]  Sweep 1: 1.3885s
I0217 20:41:18.948164 1744282 cudacc.cc:51]  Sweep 2: 1.9245s
I0217 20:41:20.330245 1744282 cudacc.cc:51]  Sweep 3: 1.3820s
I0217 20:41:22.224017 1744282 cudacc.cc:51]  Sweep 4: 1.8937s
I0217 20:41:22.224050 1744282 cudacc.cc:51] Iteration 3: 6.5889s
I0217 20:41:23.614516 1744282 cudacc.cc:51]  Sweep 1: 1.3904s
I0217 20:41:25.512040 1744282 cudacc.cc:51]  Sweep 2: 1.8975s
I0217 20:41:26.877909 1744282 cudacc.cc:51]  Sweep 3: 1.3658s
I0217 20:41:28.753913 1744282 cudacc.cc:51]  Sweep 4: 1.8760s
I0217 20:41:28.753948 1744282 cudacc.cc:51] Iteration 4: 6.5299s
I0217 20:41:30.138499 1744282 cudacc.cc:51]  Sweep 1: 1.3845s
I0217 20:41:32.021252 1744282 cudacc.cc:51]  Sweep 2: 1.8827s
I0217 20:41:33.411573 1744282 cudacc.cc:51]  Sweep 3: 1.3903s
I0217 20:41:35.263626 1744282 cudacc.cc:51]  Sweep 4: 1.8520s
I0217 20:41:35.263659 1744282 cudacc.cc:51] Iteration 5: 6.5097s
I0217 20:41:35.263669 1744282 cudacc.cc:51] Total: 33.4671s
I0217 20:41:35.263674 1744282 patch_match.cc:504] 
Writing photometric output for 17.png
I0217 20:41:37.177620 1744282 misc.cc:44] 
==============================================================================
Processing view 12 / 24 for 19.png
==============================================================================
I0217 20:41:37.177649 1744282 patch_match.cc:461] Reading inputs...
I0217 20:41:37.211138 1744282 misc.cc:51] 
PatchMatch::Problem
-------------------
I0217 20:41:37.211160 1744282 patch_match.cc:54] ref_image_idx: 11
I0217 20:41:37.211164 1744282 patch_match.cc:55] src_image_idxs: 
I0217 20:41:37.211166 1744282 patch_match.cc:58] 3 
I0217 20:41:37.211169 1744282 patch_match.cc:58] 23 
I0217 20:41:37.211171 1744282 patch_match.cc:58] 6 
I0217 20:41:37.211174 1744282 patch_match.cc:58] 5 
I0217 20:41:37.211176 1744282 patch_match.cc:58] 8 
I0217 20:41:37.211179 1744282 patch_match.cc:58] 14 
I0217 20:41:37.211181 1744282 patch_match.cc:58] 4 
I0217 20:41:37.211184 1744282 patch_match.cc:58] 7 
I0217 20:41:37.211186 1744282 patch_match.cc:58] 20 
I0217 20:41:37.211189 1744282 patch_match.cc:58] 21 
I0217 20:41:37.211191 1744282 patch_match.cc:58] 18 
I0217 20:41:37.211194 1744282 patch_match.cc:58] 15 
I0217 20:41:37.211196 1744282 patch_match.cc:58] 2 
I0217 20:41:37.211199 1744282 patch_match.cc:58] 19 
I0217 20:41:37.211201 1744282 patch_match.cc:58] 1 
I0217 20:41:37.211205 1744282 patch_match.cc:58] 16 
I0217 20:41:37.211206 1744282 patch_match.cc:58] 12 
I0217 20:41:37.211208 1744282 patch_match.cc:58] 10 
I0217 20:41:37.211211 1744282 patch_match.cc:60] 22
I0217 20:41:37.211215 1744282 misc.cc:51] 
PatchMatchOptions
-----------------
I0217 20:41:37.211217 1744282 patch_match_options.cc:47] max_image_size: -1
I0217 20:41:37.211220 1744282 patch_match_options.cc:48] gpu_index: 0
I0217 20:41:37.211223 1744282 patch_match_options.cc:49] depth_min: 1.5226
I0217 20:41:37.211231 1744282 patch_match_options.cc:50] depth_max: 10.5701
I0217 20:41:37.211236 1744282 patch_match_options.cc:51] window_radius: 5
I0217 20:41:37.211237 1744282 patch_match_options.cc:52] window_step: 1
I0217 20:41:37.211239 1744282 patch_match_options.cc:53] sigma_spatial: 5
I0217 20:41:37.211242 1744282 patch_match_options.cc:54] sigma_color: 0.2
I0217 20:41:37.211246 1744282 patch_match_options.cc:55] num_samples: 15
I0217 20:41:37.211248 1744282 patch_match_options.cc:56] ncc_sigma: 0.6
I0217 20:41:37.211251 1744282 patch_match_options.cc:57] min_triangulation_angle: 1
I0217 20:41:37.211254 1744282 patch_match_options.cc:58] incident_angle_sigma: 0.9
I0217 20:41:37.211257 1744282 patch_match_options.cc:59] num_iterations: 5
I0217 20:41:37.211261 1744282 patch_match_options.cc:60] geom_consistency: 0
I0217 20:41:37.211262 1744282 patch_match_options.cc:61] geom_consistency_regularizer: 0.3
I0217 20:41:37.211265 1744282 patch_match_options.cc:62] geom_consistency_max_cost: 3
I0217 20:41:37.211268 1744282 patch_match_options.cc:63] filter: 0
I0217 20:41:37.211270 1744282 patch_match_options.cc:64] filter_min_ncc: 0.1
I0217 20:41:37.211274 1744282 patch_match_options.cc:65] filter_min_triangulation_angle: 3
I0217 20:41:37.211277 1744282 patch_match_options.cc:66] filter_min_num_consistent: 2
I0217 20:41:37.211279 1744282 patch_match_options.cc:67] filter_geom_consistency_max_cost: 1
I0217 20:41:37.211282 1744282 patch_match_options.cc:68] write_consistency_graph: 0
I0217 20:41:37.211284 1744282 patch_match_options.cc:69] allow_missing_files: 0
I0217 20:41:37.211295 1744282 misc.cc:51] 
PatchMatch::Run
---------------
I0217 20:41:37.683305 1744282 cudacc.cc:51] Initialization: 0.3224s
I0217 20:41:39.162122 1744282 cudacc.cc:51]  Sweep 1: 1.4788s
I0217 20:41:41.211277 1744282 cudacc.cc:51]  Sweep 2: 2.0491s
I0217 20:41:42.665320 1744282 cudacc.cc:51]  Sweep 3: 1.4540s
I0217 20:41:44.665295 1744282 cudacc.cc:51]  Sweep 4: 1.9999s
I0217 20:41:44.665333 1744282 cudacc.cc:51] Iteration 1: 6.9819s
I0217 20:41:46.081684 1744282 cudacc.cc:51]  Sweep 1: 1.4163s
I0217 20:41:48.094228 1744282 cudacc.cc:51]  Sweep 2: 2.0125s
I0217 20:41:49.496186 1744282 cudacc.cc:51]  Sweep 3: 1.4019s
I0217 20:41:51.480121 1744282 cudacc.cc:51]  Sweep 4: 1.9839s
I0217 20:41:51.480160 1744282 cudacc.cc:51] Iteration 2: 6.8148s
I0217 20:41:52.890359 1744282 cudacc.cc:51]  Sweep 1: 1.4102s
I0217 20:41:54.903337 1744282 cudacc.cc:51]  Sweep 2: 2.0129s
I0217 20:41:56.309516 1744282 cudacc.cc:51]  Sweep 3: 1.4061s
I0217 20:41:58.275522 1744282 cudacc.cc:51]  Sweep 4: 1.9660s
I0217 20:41:58.275556 1744282 cudacc.cc:51] Iteration 3: 6.7953s
I0217 20:41:59.694005 1744282 cudacc.cc:51]  Sweep 1: 1.4184s
I0217 20:42:01.706346 1744282 cudacc.cc:51]  Sweep 2: 2.0123s
I0217 20:42:03.125020 1744282 cudacc.cc:51]  Sweep 3: 1.4186s
I0217 20:42:05.063876 1744282 cudacc.cc:51]  Sweep 4: 1.9388s
I0217 20:42:05.063907 1744282 cudacc.cc:51] Iteration 4: 6.7883s
I0217 20:42:06.473747 1744282 cudacc.cc:51]  Sweep 1: 1.4098s
I0217 20:42:08.470791 1744282 cudacc.cc:51]  Sweep 2: 1.9970s
I0217 20:42:09.872359 1744282 cudacc.cc:51]  Sweep 3: 1.4015s
I0217 20:42:11.778613 1744282 cudacc.cc:51]  Sweep 4: 1.9062s
I0217 20:42:11.778647 1744282 cudacc.cc:51] Iteration 5: 6.7147s
I0217 20:42:11.778658 1744282 cudacc.cc:51] Total: 34.4176s
I0217 20:42:11.778663 1744282 patch_match.cc:504] 
Writing photometric output for 19.png
I0217 20:42:13.604560 1744282 misc.cc:44] 
==============================================================================
Processing view 13 / 24 for 21.png
==============================================================================
I0217 20:42:13.604591 1744282 patch_match.cc:461] Reading inputs...
I0217 20:42:13.644915 1744282 misc.cc:51] 
PatchMatch::Problem
-------------------
I0217 20:42:13.644937 1744282 patch_match.cc:54] ref_image_idx: 12
I0217 20:42:13.644939 1744282 patch_match.cc:55] src_image_idxs: 
I0217 20:42:13.644942 1744282 patch_match.cc:58] 17 
I0217 20:42:13.644945 1744282 patch_match.cc:58] 0 
I0217 20:42:13.644948 1744282 patch_match.cc:58] 3 
I0217 20:42:13.644951 1744282 patch_match.cc:58] 18 
I0217 20:42:13.644953 1744282 patch_match.cc:58] 15 
I0217 20:42:13.644956 1744282 patch_match.cc:58] 21 
I0217 20:42:13.644959 1744282 patch_match.cc:58] 23 
I0217 20:42:13.644963 1744282 patch_match.cc:58] 16 
I0217 20:42:13.644964 1744282 patch_match.cc:58] 22 
I0217 20:42:13.644968 1744282 patch_match.cc:58] 9 
I0217 20:42:13.644970 1744282 patch_match.cc:58] 1 
I0217 20:42:13.644973 1744282 patch_match.cc:58] 14 
I0217 20:42:13.644976 1744282 patch_match.cc:58] 20 
I0217 20:42:13.644979 1744282 patch_match.cc:58] 7 
I0217 20:42:13.644981 1744282 patch_match.cc:58] 2 
I0217 20:42:13.644984 1744282 patch_match.cc:58] 6 
I0217 20:42:13.644987 1744282 patch_match.cc:58] 19 
I0217 20:42:13.644990 1744282 patch_match.cc:58] 4 
I0217 20:42:13.644994 1744282 patch_match.cc:58] 11 
I0217 20:42:13.644995 1744282 patch_match.cc:60] 13
I0217 20:42:13.644999 1744282 misc.cc:51] 
PatchMatchOptions
-----------------
I0217 20:42:13.645002 1744282 patch_match_options.cc:47] max_image_size: -1
I0217 20:42:13.645005 1744282 patch_match_options.cc:48] gpu_index: 0
I0217 20:42:13.645008 1744282 patch_match_options.cc:49] depth_min: 1.98998
I0217 20:42:13.645017 1744282 patch_match_options.cc:50] depth_max: 10.035
I0217 20:42:13.645021 1744282 patch_match_options.cc:51] window_radius: 5
I0217 20:42:13.645025 1744282 patch_match_options.cc:52] window_step: 1
I0217 20:42:13.645027 1744282 patch_match_options.cc:53] sigma_spatial: 5
I0217 20:42:13.645030 1744282 patch_match_options.cc:54] sigma_color: 0.2
I0217 20:42:13.645040 1744282 patch_match_options.cc:55] num_samples: 15
I0217 20:42:13.645042 1744282 patch_match_options.cc:56] ncc_sigma: 0.6
I0217 20:42:13.645045 1744282 patch_match_options.cc:57] min_triangulation_angle: 1
I0217 20:42:13.645047 1744282 patch_match_options.cc:58] incident_angle_sigma: 0.9
I0217 20:42:13.645051 1744282 patch_match_options.cc:59] num_iterations: 5
I0217 20:42:13.645052 1744282 patch_match_options.cc:60] geom_consistency: 0
I0217 20:42:13.645054 1744282 patch_match_options.cc:61] geom_consistency_regularizer: 0.3
I0217 20:42:13.645056 1744282 patch_match_options.cc:62] geom_consistency_max_cost: 3
I0217 20:42:13.645058 1744282 patch_match_options.cc:63] filter: 0
I0217 20:42:13.645061 1744282 patch_match_options.cc:64] filter_min_ncc: 0.1
I0217 20:42:13.645063 1744282 patch_match_options.cc:65] filter_min_triangulation_angle: 3
I0217 20:42:13.645066 1744282 patch_match_options.cc:66] filter_min_num_consistent: 2
I0217 20:42:13.645067 1744282 patch_match_options.cc:67] filter_geom_consistency_max_cost: 1
I0217 20:42:13.645071 1744282 patch_match_options.cc:68] write_consistency_graph: 0
I0217 20:42:13.645072 1744282 patch_match_options.cc:69] allow_missing_files: 0
I0217 20:42:13.645074 1744282 misc.cc:51] 
PatchMatch::Run
---------------
I0217 20:42:14.136186 1744282 cudacc.cc:51] Initialization: 0.3277s
I0217 20:42:15.597100 1744282 cudacc.cc:51]  Sweep 1: 1.4609s
I0217 20:42:17.707417 1744282 cudacc.cc:51]  Sweep 2: 2.1103s
I0217 20:42:19.173095 1744282 cudacc.cc:51]  Sweep 3: 1.4656s
I0217 20:42:21.255008 1744282 cudacc.cc:51]  Sweep 4: 2.0819s
I0217 20:42:21.255043 1744282 cudacc.cc:51] Iteration 1: 7.1188s
I0217 20:42:22.678838 1744282 cudacc.cc:51]  Sweep 1: 1.4238s
I0217 20:42:24.750944 1744282 cudacc.cc:51]  Sweep 2: 2.0721s
I0217 20:42:26.212162 1744282 cudacc.cc:51]  Sweep 3: 1.4612s
I0217 20:42:28.260731 1744282 cudacc.cc:51]  Sweep 4: 2.0485s
I0217 20:42:28.260766 1744282 cudacc.cc:51] Iteration 2: 7.0057s
I0217 20:42:29.666376 1744282 cudacc.cc:51]  Sweep 1: 1.4056s
I0217 20:42:31.714313 1744282 cudacc.cc:51]  Sweep 2: 2.0479s
I0217 20:42:33.181195 1744282 cudacc.cc:51]  Sweep 3: 1.4668s
I0217 20:42:35.211048 1744282 cudacc.cc:51]  Sweep 4: 2.0298s
I0217 20:42:35.211082 1744282 cudacc.cc:51] Iteration 3: 6.9503s
I0217 20:42:36.620676 1744282 cudacc.cc:51]  Sweep 1: 1.4096s
I0217 20:42:38.663693 1744282 cudacc.cc:51]  Sweep 2: 2.0430s
I0217 20:42:40.132580 1744282 cudacc.cc:51]  Sweep 3: 1.4688s
I0217 20:42:42.154515 1744282 cudacc.cc:51]  Sweep 4: 2.0219s
I0217 20:42:42.154552 1744282 cudacc.cc:51] Iteration 4: 6.9434s
I0217 20:42:43.545346 1744282 cudacc.cc:51]  Sweep 1: 1.3908s
I0217 20:42:45.564877 1744282 cudacc.cc:51]  Sweep 2: 2.0195s
I0217 20:42:47.024669 1744282 cudacc.cc:51]  Sweep 3: 1.4597s
I0217 20:42:49.023530 1744282 cudacc.cc:51]  Sweep 4: 1.9988s
I0217 20:42:49.023566 1744282 cudacc.cc:51] Iteration 5: 6.8690s
I0217 20:42:49.023574 1744282 cudacc.cc:51] Total: 35.2149s
I0217 20:42:49.023579 1744282 patch_match.cc:504] 
Writing photometric output for 21.png
I0217 20:42:50.713438 1744282 misc.cc:44] 
==============================================================================
Processing view 14 / 24 for 20.png
==============================================================================
I0217 20:42:50.713467 1744282 patch_match.cc:461] Reading inputs...
I0217 20:42:50.752014 1744282 misc.cc:51] 
PatchMatch::Problem
-------------------
I0217 20:42:50.752036 1744282 patch_match.cc:54] ref_image_idx: 13
I0217 20:42:50.752039 1744282 patch_match.cc:55] src_image_idxs: 
I0217 20:42:50.752043 1744282 patch_match.cc:58] 4 
I0217 20:42:50.752044 1744282 patch_match.cc:58] 20 
I0217 20:42:50.752048 1744282 patch_match.cc:58] 19 
I0217 20:42:50.752049 1744282 patch_match.cc:58] 1 
I0217 20:42:50.752053 1744282 patch_match.cc:58] 18 
I0217 20:42:50.752055 1744282 patch_match.cc:58] 21 
I0217 20:42:50.752058 1744282 patch_match.cc:58] 6 
I0217 20:42:50.752060 1744282 patch_match.cc:58] 9 
I0217 20:42:50.752063 1744282 patch_match.cc:58] 22 
I0217 20:42:50.752076 1744282 patch_match.cc:58] 23 
I0217 20:42:50.752079 1744282 patch_match.cc:58] 10 
I0217 20:42:50.752079 1744282 patch_match.cc:58] 3 
I0217 20:42:50.752081 1744282 patch_match.cc:58] 16 
I0217 20:42:50.752084 1744282 patch_match.cc:58] 17 
I0217 20:42:50.752085 1744282 patch_match.cc:58] 0 
I0217 20:42:50.752087 1744282 patch_match.cc:58] 14 
I0217 20:42:50.752089 1744282 patch_match.cc:58] 2 
I0217 20:42:50.752090 1744282 patch_match.cc:58] 5 
I0217 20:42:50.752092 1744282 patch_match.cc:58] 8 
I0217 20:42:50.752094 1744282 patch_match.cc:60] 12
I0217 20:42:50.752096 1744282 misc.cc:51] 
PatchMatchOptions
-----------------
I0217 20:42:50.752099 1744282 patch_match_options.cc:47] max_image_size: -1
I0217 20:42:50.752101 1744282 patch_match_options.cc:48] gpu_index: 0
I0217 20:42:50.752102 1744282 patch_match_options.cc:49] depth_min: 2.30867
I0217 20:42:50.752110 1744282 patch_match_options.cc:50] depth_max: 10.8847
I0217 20:42:50.752112 1744282 patch_match_options.cc:51] window_radius: 5
I0217 20:42:50.752115 1744282 patch_match_options.cc:52] window_step: 1
I0217 20:42:50.752116 1744282 patch_match_options.cc:53] sigma_spatial: 5
I0217 20:42:50.752118 1744282 patch_match_options.cc:54] sigma_color: 0.2
I0217 20:42:50.752120 1744282 patch_match_options.cc:55] num_samples: 15
I0217 20:42:50.752122 1744282 patch_match_options.cc:56] ncc_sigma: 0.6
I0217 20:42:50.752125 1744282 patch_match_options.cc:57] min_triangulation_angle: 1
I0217 20:42:50.752127 1744282 patch_match_options.cc:58] incident_angle_sigma: 0.9
I0217 20:42:50.752130 1744282 patch_match_options.cc:59] num_iterations: 5
I0217 20:42:50.752131 1744282 patch_match_options.cc:60] geom_consistency: 0
I0217 20:42:50.752133 1744282 patch_match_options.cc:61] geom_consistency_regularizer: 0.3
I0217 20:42:50.752135 1744282 patch_match_options.cc:62] geom_consistency_max_cost: 3
I0217 20:42:50.752138 1744282 patch_match_options.cc:63] filter: 0
I0217 20:42:50.752139 1744282 patch_match_options.cc:64] filter_min_ncc: 0.1
I0217 20:42:50.752142 1744282 patch_match_options.cc:65] filter_min_triangulation_angle: 3
I0217 20:42:50.752144 1744282 patch_match_options.cc:66] filter_min_num_consistent: 2
I0217 20:42:50.752146 1744282 patch_match_options.cc:67] filter_geom_consistency_max_cost: 1
I0217 20:42:50.752148 1744282 patch_match_options.cc:68] write_consistency_graph: 0
I0217 20:42:50.752149 1744282 patch_match_options.cc:69] allow_missing_files: 0
I0217 20:42:50.752152 1744282 misc.cc:51] 
PatchMatch::Run
---------------
I0217 20:42:51.249106 1744282 cudacc.cc:51] Initialization: 0.3401s
I0217 20:42:52.711447 1744282 cudacc.cc:51]  Sweep 1: 1.4623s
I0217 20:42:54.783238 1744282 cudacc.cc:51]  Sweep 2: 2.0717s
I0217 20:42:56.214128 1744282 cudacc.cc:51]  Sweep 3: 1.4308s
I0217 20:42:58.232364 1744282 cudacc.cc:51]  Sweep 4: 2.0182s
I0217 20:42:58.232398 1744282 cudacc.cc:51] Iteration 1: 6.9832s
I0217 20:42:59.618515 1744282 cudacc.cc:51]  Sweep 1: 1.3861s
I0217 20:43:01.644963 1744282 cudacc.cc:51]  Sweep 2: 2.0264s
I0217 20:43:03.070297 1744282 cudacc.cc:51]  Sweep 3: 1.4253s
I0217 20:43:05.081764 1744282 cudacc.cc:51]  Sweep 4: 2.0114s
I0217 20:43:05.081797 1744282 cudacc.cc:51] Iteration 2: 6.8493s
I0217 20:43:06.451484 1744282 cudacc.cc:51]  Sweep 1: 1.3697s
I0217 20:43:08.445268 1744282 cudacc.cc:51]  Sweep 2: 1.9937s
I0217 20:43:09.871569 1744282 cudacc.cc:51]  Sweep 3: 1.4263s
I0217 20:43:11.870888 1744282 cudacc.cc:51]  Sweep 4: 1.9993s
I0217 20:43:11.870921 1744282 cudacc.cc:51] Iteration 3: 6.7891s
I0217 20:43:13.227687 1744282 cudacc.cc:51]  Sweep 1: 1.3567s
I0217 20:43:15.200284 1744282 cudacc.cc:51]  Sweep 2: 1.9725s
I0217 20:43:16.600962 1744282 cudacc.cc:51]  Sweep 3: 1.4006s
I0217 20:43:18.580153 1744282 cudacc.cc:51]  Sweep 4: 1.9791s
I0217 20:43:18.580184 1744282 cudacc.cc:51] Iteration 4: 6.7092s
I0217 20:43:19.920063 1744282 cudacc.cc:51]  Sweep 1: 1.3399s
I0217 20:43:21.872237 1744282 cudacc.cc:51]  Sweep 2: 1.9521s
I0217 20:43:23.256062 1744282 cudacc.cc:51]  Sweep 3: 1.3838s
I0217 20:43:25.208490 1744282 cudacc.cc:51]  Sweep 4: 1.9524s
I0217 20:43:25.208531 1744282 cudacc.cc:51] Iteration 5: 6.6283s
I0217 20:43:25.208539 1744282 cudacc.cc:51] Total: 34.2993s
I0217 20:43:25.208544 1744282 patch_match.cc:504] 
Writing photometric output for 20.png
I0217 20:43:26.893747 1744282 misc.cc:44] 
==============================================================================
Processing view 15 / 24 for 22.png
==============================================================================
I0217 20:43:26.893774 1744282 patch_match.cc:461] Reading inputs...
I0217 20:43:26.932238 1744282 misc.cc:51] 
PatchMatch::Problem
-------------------
I0217 20:43:26.932260 1744282 patch_match.cc:54] ref_image_idx: 14
I0217 20:43:26.932262 1744282 patch_match.cc:55] src_image_idxs: 
I0217 20:43:26.932264 1744282 patch_match.cc:58] 21 
I0217 20:43:26.932265 1744282 patch_match.cc:58] 18 
I0217 20:43:26.932267 1744282 patch_match.cc:58] 10 
I0217 20:43:26.932269 1744282 patch_match.cc:58] 20 
I0217 20:43:26.932271 1744282 patch_match.cc:58] 4 
I0217 20:43:26.932273 1744282 patch_match.cc:58] 7 
I0217 20:43:26.932276 1744282 patch_match.cc:58] 17 
I0217 20:43:26.932276 1744282 patch_match.cc:58] 2 
I0217 20:43:26.932278 1744282 patch_match.cc:58] 22 
I0217 20:43:26.932281 1744282 patch_match.cc:58] 9 
I0217 20:43:26.932282 1744282 patch_match.cc:58] 13 
I0217 20:43:26.932284 1744282 patch_match.cc:58] 0 
I0217 20:43:26.932286 1744282 patch_match.cc:58] 16 
I0217 20:43:26.932287 1744282 patch_match.cc:58] 3 
I0217 20:43:26.932289 1744282 patch_match.cc:58] 23 
I0217 20:43:26.932291 1744282 patch_match.cc:58] 12 
I0217 20:43:26.932293 1744282 patch_match.cc:58] 6 
I0217 20:43:26.932296 1744282 patch_match.cc:58] 19 
I0217 20:43:26.932297 1744282 patch_match.cc:58] 11 
I0217 20:43:26.932299 1744282 patch_match.cc:60] 1
I0217 20:43:26.932302 1744282 misc.cc:51] 
PatchMatchOptions
-----------------
I0217 20:43:26.932304 1744282 patch_match_options.cc:47] max_image_size: -1
I0217 20:43:26.932307 1744282 patch_match_options.cc:48] gpu_index: 0
I0217 20:43:26.932309 1744282 patch_match_options.cc:49] depth_min: 1.28756
I0217 20:43:26.932315 1744282 patch_match_options.cc:50] depth_max: 8.84615
I0217 20:43:26.932318 1744282 patch_match_options.cc:51] window_radius: 5
I0217 20:43:26.932320 1744282 patch_match_options.cc:52] window_step: 1
I0217 20:43:26.932322 1744282 patch_match_options.cc:53] sigma_spatial: 5
I0217 20:43:26.932324 1744282 patch_match_options.cc:54] sigma_color: 0.2
I0217 20:43:26.932327 1744282 patch_match_options.cc:55] num_samples: 15
I0217 20:43:26.932328 1744282 patch_match_options.cc:56] ncc_sigma: 0.6
I0217 20:43:26.932330 1744282 patch_match_options.cc:57] min_triangulation_angle: 1
I0217 20:43:26.932333 1744282 patch_match_options.cc:58] incident_angle_sigma: 0.9
I0217 20:43:26.932335 1744282 patch_match_options.cc:59] num_iterations: 5
I0217 20:43:26.932337 1744282 patch_match_options.cc:60] geom_consistency: 0
I0217 20:43:26.932339 1744282 patch_match_options.cc:61] geom_consistency_regularizer: 0.3
I0217 20:43:26.932341 1744282 patch_match_options.cc:62] geom_consistency_max_cost: 3
I0217 20:43:26.932343 1744282 patch_match_options.cc:63] filter: 0
I0217 20:43:26.932345 1744282 patch_match_options.cc:64] filter_min_ncc: 0.1
I0217 20:43:26.932348 1744282 patch_match_options.cc:65] filter_min_triangulation_angle: 3
I0217 20:43:26.932349 1744282 patch_match_options.cc:66] filter_min_num_consistent: 2
I0217 20:43:26.932351 1744282 patch_match_options.cc:67] filter_geom_consistency_max_cost: 1
I0217 20:43:26.932353 1744282 patch_match_options.cc:68] write_consistency_graph: 0
I0217 20:43:26.932355 1744282 patch_match_options.cc:69] allow_missing_files: 0
I0217 20:43:26.932358 1744282 misc.cc:51] 
PatchMatch::Run
---------------
I0217 20:43:27.428568 1744282 cudacc.cc:51] Initialization: 0.3391s
I0217 20:43:28.892484 1744282 cudacc.cc:51]  Sweep 1: 1.4639s
I0217 20:43:30.908715 1744282 cudacc.cc:51]  Sweep 2: 2.0162s
I0217 20:43:32.350153 1744282 cudacc.cc:51]  Sweep 3: 1.4414s
I0217 20:43:34.277618 1744282 cudacc.cc:51]  Sweep 4: 1.9274s
I0217 20:43:34.277652 1744282 cudacc.cc:51] Iteration 1: 6.8490s
I0217 20:43:35.680627 1744282 cudacc.cc:51]  Sweep 1: 1.4029s
I0217 20:43:37.630717 1744282 cudacc.cc:51]  Sweep 2: 1.9500s
I0217 20:43:39.046947 1744282 cudacc.cc:51]  Sweep 3: 1.4162s
I0217 20:43:40.941394 1744282 cudacc.cc:51]  Sweep 4: 1.8944s
I0217 20:43:40.941428 1744282 cudacc.cc:51] Iteration 2: 6.6637s
I0217 20:43:42.339681 1744282 cudacc.cc:51]  Sweep 1: 1.3982s
I0217 20:43:44.268290 1744282 cudacc.cc:51]  Sweep 2: 1.9286s
I0217 20:43:45.674053 1744282 cudacc.cc:51]  Sweep 3: 1.4057s
I0217 20:43:47.537902 1744282 cudacc.cc:51]  Sweep 4: 1.8638s
I0217 20:43:47.537936 1744282 cudacc.cc:51] Iteration 3: 6.5965s
I0217 20:43:48.932545 1744282 cudacc.cc:51]  Sweep 1: 1.3946s
I0217 20:43:50.834451 1744282 cudacc.cc:51]  Sweep 2: 1.9019s
I0217 20:43:52.231524 1744282 cudacc.cc:51]  Sweep 3: 1.3970s
I0217 20:43:54.073853 1744282 cudacc.cc:51]  Sweep 4: 1.8423s
I0217 20:43:54.073884 1744282 cudacc.cc:51] Iteration 4: 6.5359s
I0217 20:43:55.459146 1744282 cudacc.cc:51]  Sweep 1: 1.3852s
I0217 20:43:57.340466 1744282 cudacc.cc:51]  Sweep 2: 1.8813s
I0217 20:43:58.736013 1744282 cudacc.cc:51]  Sweep 3: 1.3955s
I0217 20:44:00.546433 1744282 cudacc.cc:51]  Sweep 4: 1.8104s
I0217 20:44:00.546469 1744282 cudacc.cc:51] Iteration 5: 6.4725s
I0217 20:44:00.546478 1744282 cudacc.cc:51] Total: 33.4568s
I0217 20:44:00.546483 1744282 patch_match.cc:504] 
Writing photometric output for 22.png
I0217 20:44:02.449491 1744282 misc.cc:44] 
==============================================================================
Processing view 16 / 24 for 23.png
==============================================================================
I0217 20:44:02.449518 1744282 patch_match.cc:461] Reading inputs...
I0217 20:44:02.487670 1744282 misc.cc:51] 
PatchMatch::Problem
-------------------
I0217 20:44:02.487692 1744282 patch_match.cc:54] ref_image_idx: 15
I0217 20:44:02.487695 1744282 patch_match.cc:55] src_image_idxs: 
I0217 20:44:02.487697 1744282 patch_match.cc:58] 9 
I0217 20:44:02.487700 1744282 patch_match.cc:58] 17 
I0217 20:44:02.487702 1744282 patch_match.cc:58] 22 
I0217 20:44:02.487705 1744282 patch_match.cc:58] 14 
I0217 20:44:02.487707 1744282 patch_match.cc:58] 12 
I0217 20:44:02.487710 1744282 patch_match.cc:58] 2 
I0217 20:44:02.487717 1744282 patch_match.cc:58] 16 
I0217 20:44:02.487720 1744282 patch_match.cc:58] 21 
I0217 20:44:02.487722 1744282 patch_match.cc:58] 8 
I0217 20:44:02.487725 1744282 patch_match.cc:58] 18 
I0217 20:44:02.487727 1744282 patch_match.cc:58] 5 
I0217 20:44:02.487730 1744282 patch_match.cc:58] 4 
I0217 20:44:02.487732 1744282 patch_match.cc:58] 7 
I0217 20:44:02.487735 1744282 patch_match.cc:58] 20 
I0217 20:44:02.487737 1744282 patch_match.cc:58] 11 
I0217 20:44:02.487740 1744282 patch_match.cc:58] 10 
I0217 20:44:02.487742 1744282 patch_match.cc:58] 19 
I0217 20:44:02.487744 1744282 patch_match.cc:58] 1 
I0217 20:44:02.487747 1744282 patch_match.cc:58] 3 
I0217 20:44:02.487749 1744282 patch_match.cc:60] 0
I0217 20:44:02.487752 1744282 misc.cc:51] 
PatchMatchOptions
-----------------
I0217 20:44:02.487756 1744282 patch_match_options.cc:47] max_image_size: -1
I0217 20:44:02.487758 1744282 patch_match_options.cc:48] gpu_index: 0
I0217 20:44:02.487761 1744282 patch_match_options.cc:49] depth_min: 1.38318
I0217 20:44:02.487768 1744282 patch_match_options.cc:50] depth_max: 9.38633
I0217 20:44:02.487771 1744282 patch_match_options.cc:51] window_radius: 5
I0217 20:44:02.487773 1744282 patch_match_options.cc:52] window_step: 1
I0217 20:44:02.487776 1744282 patch_match_options.cc:53] sigma_spatial: 5
I0217 20:44:02.487779 1744282 patch_match_options.cc:54] sigma_color: 0.2
I0217 20:44:02.487782 1744282 patch_match_options.cc:55] num_samples: 15
I0217 20:44:02.487784 1744282 patch_match_options.cc:56] ncc_sigma: 0.6
I0217 20:44:02.487787 1744282 patch_match_options.cc:57] min_triangulation_angle: 1
I0217 20:44:02.487790 1744282 patch_match_options.cc:58] incident_angle_sigma: 0.9
I0217 20:44:02.487793 1744282 patch_match_options.cc:59] num_iterations: 5
I0217 20:44:02.487797 1744282 patch_match_options.cc:60] geom_consistency: 0
I0217 20:44:02.487805 1744282 patch_match_options.cc:61] geom_consistency_regularizer: 0.3
I0217 20:44:02.487807 1744282 patch_match_options.cc:62] geom_consistency_max_cost: 3
I0217 20:44:02.487809 1744282 patch_match_options.cc:63] filter: 0
I0217 20:44:02.487810 1744282 patch_match_options.cc:64] filter_min_ncc: 0.1
I0217 20:44:02.487813 1744282 patch_match_options.cc:65] filter_min_triangulation_angle: 3
I0217 20:44:02.487815 1744282 patch_match_options.cc:66] filter_min_num_consistent: 2
I0217 20:44:02.487816 1744282 patch_match_options.cc:67] filter_geom_consistency_max_cost: 1
I0217 20:44:02.487818 1744282 patch_match_options.cc:68] write_consistency_graph: 0
I0217 20:44:02.487820 1744282 patch_match_options.cc:69] allow_missing_files: 0
I0217 20:44:02.487823 1744282 misc.cc:51] 
PatchMatch::Run
---------------
I0217 20:44:02.953639 1744282 cudacc.cc:51] Initialization: 0.3131s
I0217 20:44:04.424855 1744282 cudacc.cc:51]  Sweep 1: 1.4712s
I0217 20:44:06.422418 1744282 cudacc.cc:51]  Sweep 2: 1.9975s
I0217 20:44:07.844625 1744282 cudacc.cc:51]  Sweep 3: 1.4222s
I0217 20:44:09.798177 1744282 cudacc.cc:51]  Sweep 4: 1.9535s
I0217 20:44:09.798211 1744282 cudacc.cc:51] Iteration 1: 6.8445s
I0217 20:44:11.223181 1744282 cudacc.cc:51]  Sweep 1: 1.4249s
I0217 20:44:13.156381 1744282 cudacc.cc:51]  Sweep 2: 1.9331s
I0217 20:44:14.561395 1744282 cudacc.cc:51]  Sweep 3: 1.4050s
I0217 20:44:16.485257 1744282 cudacc.cc:51]  Sweep 4: 1.9238s
I0217 20:44:16.485292 1744282 cudacc.cc:51] Iteration 2: 6.6870s
I0217 20:44:17.892345 1744282 cudacc.cc:51]  Sweep 1: 1.4070s
I0217 20:44:19.801609 1744282 cudacc.cc:51]  Sweep 2: 1.9092s
I0217 20:44:21.214567 1744282 cudacc.cc:51]  Sweep 3: 1.4129s
I0217 20:44:23.127988 1744282 cudacc.cc:51]  Sweep 4: 1.9134s
I0217 20:44:23.128021 1744282 cudacc.cc:51] Iteration 3: 6.6427s
I0217 20:44:24.531428 1744282 cudacc.cc:51]  Sweep 1: 1.4034s
I0217 20:44:26.421128 1744282 cudacc.cc:51]  Sweep 2: 1.8896s
I0217 20:44:27.857198 1744282 cudacc.cc:51]  Sweep 3: 1.4360s
I0217 20:44:29.737061 1744282 cudacc.cc:51]  Sweep 4: 1.8798s
I0217 20:44:29.737094 1744282 cudacc.cc:51] Iteration 4: 6.6090s
I0217 20:44:31.132170 1744282 cudacc.cc:51]  Sweep 1: 1.3951s
I0217 20:44:33.006606 1744282 cudacc.cc:51]  Sweep 2: 1.8744s
I0217 20:44:34.449621 1744282 cudacc.cc:51]  Sweep 3: 1.4430s
I0217 20:44:36.309583 1744282 cudacc.cc:51]  Sweep 4: 1.8599s
I0217 20:44:36.309618 1744282 cudacc.cc:51] Iteration 5: 6.5725s
I0217 20:44:36.309628 1744282 cudacc.cc:51] Total: 33.6688s
I0217 20:44:36.309633 1744282 patch_match.cc:504] 
Writing photometric output for 23.png
I0217 20:44:38.226161 1744282 misc.cc:44] 
==============================================================================
Processing view 17 / 24 for 2.png
==============================================================================
I0217 20:44:38.226191 1744282 patch_match.cc:461] Reading inputs...
I0217 20:44:38.264182 1744282 misc.cc:51] 
PatchMatch::Problem
-------------------
I0217 20:44:38.264207 1744282 patch_match.cc:54] ref_image_idx: 16
I0217 20:44:38.264211 1744282 patch_match.cc:55] src_image_idxs: 
I0217 20:44:38.264214 1744282 patch_match.cc:58] 0 
I0217 20:44:38.264216 1744282 patch_match.cc:58] 17 
I0217 20:44:38.264219 1744282 patch_match.cc:58] 3 
I0217 20:44:38.264221 1744282 patch_match.cc:58] 18 
I0217 20:44:38.264225 1744282 patch_match.cc:58] 15 
I0217 20:44:38.264226 1744282 patch_match.cc:58] 21 
I0217 20:44:38.264230 1744282 patch_match.cc:58] 23 
I0217 20:44:38.264231 1744282 patch_match.cc:58] 12 
I0217 20:44:38.264233 1744282 patch_match.cc:58] 22 
I0217 20:44:38.264236 1744282 patch_match.cc:58] 9 
I0217 20:44:38.264238 1744282 patch_match.cc:58] 19 
I0217 20:44:38.264241 1744282 patch_match.cc:58] 6 
I0217 20:44:38.264245 1744282 patch_match.cc:58] 2 
I0217 20:44:38.264246 1744282 patch_match.cc:58] 20 
I0217 20:44:38.264250 1744282 patch_match.cc:58] 7 
I0217 20:44:38.264251 1744282 patch_match.cc:58] 1 
I0217 20:44:38.264254 1744282 patch_match.cc:58] 14 
I0217 20:44:38.264263 1744282 patch_match.cc:58] 4 
I0217 20:44:38.264266 1744282 patch_match.cc:58] 13 
I0217 20:44:38.264267 1744282 patch_match.cc:60] 11
I0217 20:44:38.264269 1744282 misc.cc:51] 
PatchMatchOptions
-----------------
I0217 20:44:38.264271 1744282 patch_match_options.cc:47] max_image_size: -1
I0217 20:44:38.264273 1744282 patch_match_options.cc:48] gpu_index: 0
I0217 20:44:38.264276 1744282 patch_match_options.cc:49] depth_min: 1.60938
I0217 20:44:38.264281 1744282 patch_match_options.cc:50] depth_max: 11.5221
I0217 20:44:38.264284 1744282 patch_match_options.cc:51] window_radius: 5
I0217 20:44:38.264286 1744282 patch_match_options.cc:52] window_step: 1
I0217 20:44:38.264287 1744282 patch_match_options.cc:53] sigma_spatial: 5
I0217 20:44:38.264289 1744282 patch_match_options.cc:54] sigma_color: 0.2
I0217 20:44:38.264292 1744282 patch_match_options.cc:55] num_samples: 15
I0217 20:44:38.264294 1744282 patch_match_options.cc:56] ncc_sigma: 0.6
I0217 20:44:38.264297 1744282 patch_match_options.cc:57] min_triangulation_angle: 1
I0217 20:44:38.264298 1744282 patch_match_options.cc:58] incident_angle_sigma: 0.9
I0217 20:44:38.264300 1744282 patch_match_options.cc:59] num_iterations: 5
I0217 20:44:38.264302 1744282 patch_match_options.cc:60] geom_consistency: 0
I0217 20:44:38.264304 1744282 patch_match_options.cc:61] geom_consistency_regularizer: 0.3
I0217 20:44:38.264305 1744282 patch_match_options.cc:62] geom_consistency_max_cost: 3
I0217 20:44:38.264307 1744282 patch_match_options.cc:63] filter: 0
I0217 20:44:38.264309 1744282 patch_match_options.cc:64] filter_min_ncc: 0.1
I0217 20:44:38.264312 1744282 patch_match_options.cc:65] filter_min_triangulation_angle: 3
I0217 20:44:38.264313 1744282 patch_match_options.cc:66] filter_min_num_consistent: 2
I0217 20:44:38.264315 1744282 patch_match_options.cc:67] filter_geom_consistency_max_cost: 1
I0217 20:44:38.264317 1744282 patch_match_options.cc:68] write_consistency_graph: 0
I0217 20:44:38.264319 1744282 patch_match_options.cc:69] allow_missing_files: 0
I0217 20:44:38.264321 1744282 misc.cc:51] 
PatchMatch::Run
---------------
I0217 20:44:38.743458 1744282 cudacc.cc:51] Initialization: 0.3268s
I0217 20:44:40.200839 1744282 cudacc.cc:51]  Sweep 1: 1.4573s
I0217 20:44:42.257742 1744282 cudacc.cc:51]  Sweep 2: 2.0568s
I0217 20:44:43.723727 1744282 cudacc.cc:51]  Sweep 3: 1.4659s
I0217 20:44:45.744416 1744282 cudacc.cc:51]  Sweep 4: 2.0206s
I0217 20:44:45.744451 1744282 cudacc.cc:51] Iteration 1: 7.0009s
I0217 20:44:47.159258 1744282 cudacc.cc:51]  Sweep 1: 1.4148s
I0217 20:44:49.157974 1744282 cudacc.cc:51]  Sweep 2: 1.9987s
I0217 20:44:50.598315 1744282 cudacc.cc:51]  Sweep 3: 1.4403s
I0217 20:44:52.598592 1744282 cudacc.cc:51]  Sweep 4: 2.0002s
I0217 20:44:52.598625 1744282 cudacc.cc:51] Iteration 2: 6.8541s
I0217 20:44:54.002679 1744282 cudacc.cc:51]  Sweep 1: 1.4040s
I0217 20:44:55.973441 1744282 cudacc.cc:51]  Sweep 2: 1.9707s
I0217 20:44:57.381372 1744282 cudacc.cc:51]  Sweep 3: 1.4079s
I0217 20:44:59.370842 1744282 cudacc.cc:51]  Sweep 4: 1.9894s
I0217 20:44:59.370877 1744282 cudacc.cc:51] Iteration 3: 6.7722s
I0217 20:45:00.779388 1744282 cudacc.cc:51]  Sweep 1: 1.4085s
I0217 20:45:02.730369 1744282 cudacc.cc:51]  Sweep 2: 1.9509s
I0217 20:45:04.143690 1744282 cudacc.cc:51]  Sweep 3: 1.4133s
I0217 20:45:06.111680 1744282 cudacc.cc:51]  Sweep 4: 1.9679s
I0217 20:45:06.111714 1744282 cudacc.cc:51] Iteration 4: 6.7408s
I0217 20:45:07.501073 1744282 cudacc.cc:51]  Sweep 1: 1.3893s
I0217 20:45:09.427556 1744282 cudacc.cc:51]  Sweep 2: 1.9264s
I0217 20:45:10.798792 1744282 cudacc.cc:51]  Sweep 3: 1.3712s
I0217 20:45:12.736426 1744282 cudacc.cc:51]  Sweep 4: 1.9376s
I0217 20:45:12.736464 1744282 cudacc.cc:51] Iteration 5: 6.6247s
I0217 20:45:12.736474 1744282 cudacc.cc:51] Total: 34.3196s
I0217 20:45:12.736478 1744282 patch_match.cc:504] 
Writing photometric output for 2.png
I0217 20:45:14.658144 1744282 misc.cc:44] 
==============================================================================
Processing view 18 / 24 for 5.png
==============================================================================
I0217 20:45:14.658180 1744282 patch_match.cc:461] Reading inputs...
I0217 20:45:14.692735 1744282 misc.cc:51] 
PatchMatch::Problem
-------------------
I0217 20:45:14.692756 1744282 patch_match.cc:54] ref_image_idx: 17
I0217 20:45:14.692759 1744282 patch_match.cc:55] src_image_idxs: 
I0217 20:45:14.692760 1744282 patch_match.cc:58] 12 
I0217 20:45:14.692762 1744282 patch_match.cc:58] 18 
I0217 20:45:14.692764 1744282 patch_match.cc:58] 15 
I0217 20:45:14.692766 1744282 patch_match.cc:58] 4 
I0217 20:45:14.692767 1744282 patch_match.cc:58] 1 
I0217 20:45:14.692770 1744282 patch_match.cc:58] 20 
I0217 20:45:14.692771 1744282 patch_match.cc:58] 3 
I0217 20:45:14.692772 1744282 patch_match.cc:58] 16 
I0217 20:45:14.692775 1744282 patch_match.cc:58] 0 
I0217 20:45:14.692776 1744282 patch_match.cc:58] 13 
I0217 20:45:14.692778 1744282 patch_match.cc:58] 10 
I0217 20:45:14.692780 1744282 patch_match.cc:58] 23 
I0217 20:45:14.692781 1744282 patch_match.cc:58] 9 
I0217 20:45:14.692783 1744282 patch_match.cc:58] 22 
I0217 20:45:14.692785 1744282 patch_match.cc:58] 8 
I0217 20:45:14.692787 1744282 patch_match.cc:58] 21 
I0217 20:45:14.692790 1744282 patch_match.cc:58] 5 
I0217 20:45:14.692791 1744282 patch_match.cc:58] 2 
I0217 20:45:14.692793 1744282 patch_match.cc:60] 14
I0217 20:45:14.692795 1744282 misc.cc:51] 
PatchMatchOptions
-----------------
I0217 20:45:14.692797 1744282 patch_match_options.cc:47] max_image_size: -1
I0217 20:45:14.692799 1744282 patch_match_options.cc:48] gpu_index: 0
I0217 20:45:14.692801 1744282 patch_match_options.cc:49] depth_min: 1.58423
I0217 20:45:14.692807 1744282 patch_match_options.cc:50] depth_max: 7.90288
I0217 20:45:14.692809 1744282 patch_match_options.cc:51] window_radius: 5
I0217 20:45:14.692811 1744282 patch_match_options.cc:52] window_step: 1
I0217 20:45:14.692813 1744282 patch_match_options.cc:53] sigma_spatial: 5
I0217 20:45:14.692816 1744282 patch_match_options.cc:54] sigma_color: 0.2
I0217 20:45:14.692817 1744282 patch_match_options.cc:55] num_samples: 15
I0217 20:45:14.692819 1744282 patch_match_options.cc:56] ncc_sigma: 0.6
I0217 20:45:14.692821 1744282 patch_match_options.cc:57] min_triangulation_angle: 1
I0217 20:45:14.692823 1744282 patch_match_options.cc:58] incident_angle_sigma: 0.9
I0217 20:45:14.692826 1744282 patch_match_options.cc:59] num_iterations: 5
I0217 20:45:14.692827 1744282 patch_match_options.cc:60] geom_consistency: 0
I0217 20:45:14.692829 1744282 patch_match_options.cc:61] geom_consistency_regularizer: 0.3
I0217 20:45:14.692831 1744282 patch_match_options.cc:62] geom_consistency_max_cost: 3
I0217 20:45:14.692833 1744282 patch_match_options.cc:63] filter: 0
I0217 20:45:14.692835 1744282 patch_match_options.cc:64] filter_min_ncc: 0.1
I0217 20:45:14.692838 1744282 patch_match_options.cc:65] filter_min_triangulation_angle: 3
I0217 20:45:14.692840 1744282 patch_match_options.cc:66] filter_min_num_consistent: 2
I0217 20:45:14.692842 1744282 patch_match_options.cc:67] filter_geom_consistency_max_cost: 1
I0217 20:45:14.692843 1744282 patch_match_options.cc:68] write_consistency_graph: 0
I0217 20:45:14.692845 1744282 patch_match_options.cc:69] allow_missing_files: 0
I0217 20:45:14.692847 1744282 misc.cc:51] 
PatchMatch::Run
---------------
I0217 20:45:15.147262 1744282 cudacc.cc:51] Initialization: 0.3033s
I0217 20:45:16.616559 1744282 cudacc.cc:51]  Sweep 1: 1.4692s
I0217 20:45:18.658929 1744282 cudacc.cc:51]  Sweep 2: 2.0423s
I0217 20:45:20.097625 1744282 cudacc.cc:51]  Sweep 3: 1.4386s
I0217 20:45:22.071090 1744282 cudacc.cc:51]  Sweep 4: 1.9734s
I0217 20:45:22.071120 1744282 cudacc.cc:51] Iteration 1: 6.9238s
I0217 20:45:23.484018 1744282 cudacc.cc:51]  Sweep 1: 1.4129s
I0217 20:45:25.446189 1744282 cudacc.cc:51]  Sweep 2: 1.9621s
I0217 20:45:26.853767 1744282 cudacc.cc:51]  Sweep 3: 1.4075s
I0217 20:45:28.787263 1744282 cudacc.cc:51]  Sweep 4: 1.9334s
I0217 20:45:28.787297 1744282 cudacc.cc:51] Iteration 2: 6.7161s
I0217 20:45:30.190335 1744282 cudacc.cc:51]  Sweep 1: 1.4030s
I0217 20:45:32.128672 1744282 cudacc.cc:51]  Sweep 2: 1.9383s
I0217 20:45:33.548411 1744282 cudacc.cc:51]  Sweep 3: 1.4197s
I0217 20:45:35.458876 1744282 cudacc.cc:51]  Sweep 4: 1.9104s
I0217 20:45:35.458910 1744282 cudacc.cc:51] Iteration 3: 6.6716s
I0217 20:45:36.860944 1744282 cudacc.cc:51]  Sweep 1: 1.4020s
I0217 20:45:38.791520 1744282 cudacc.cc:51]  Sweep 2: 1.9305s
I0217 20:45:40.208737 1744282 cudacc.cc:51]  Sweep 3: 1.4172s
I0217 20:45:42.095919 1744282 cudacc.cc:51]  Sweep 4: 1.8871s
I0217 20:45:42.095958 1744282 cudacc.cc:51] Iteration 4: 6.6370s
I0217 20:45:43.495299 1744282 cudacc.cc:51]  Sweep 1: 1.3993s
I0217 20:45:45.387842 1744282 cudacc.cc:51]  Sweep 2: 1.8925s
I0217 20:45:46.799854 1744282 cudacc.cc:51]  Sweep 3: 1.4120s
I0217 20:45:48.656299 1744282 cudacc.cc:51]  Sweep 4: 1.8564s
I0217 20:45:48.656338 1744282 cudacc.cc:51] Iteration 5: 6.5603s
I0217 20:45:48.656347 1744282 cudacc.cc:51] Total: 33.8121s
I0217 20:45:48.656353 1744282 patch_match.cc:504] 
Writing photometric output for 5.png
I0217 20:45:50.462458 1744282 misc.cc:44] 
==============================================================================
Processing view 19 / 24 for 4.png
==============================================================================
I0217 20:45:50.462489 1744282 patch_match.cc:461] Reading inputs...
I0217 20:45:50.502524 1744282 misc.cc:51] 
PatchMatch::Problem
-------------------
I0217 20:45:50.502540 1744282 patch_match.cc:54] ref_image_idx: 18
I0217 20:45:50.502544 1744282 patch_match.cc:55] src_image_idxs: 
I0217 20:45:50.502547 1744282 patch_match.cc:58] 9 
I0217 20:45:50.502549 1744282 patch_match.cc:58] 13 
I0217 20:45:50.502552 1744282 patch_match.cc:58] 12 
I0217 20:45:50.502554 1744282 patch_match.cc:58] 22 
I0217 20:45:50.502557 1744282 patch_match.cc:58] 16 
I0217 20:45:50.502560 1744282 patch_match.cc:58] 14 
I0217 20:45:50.502562 1744282 patch_match.cc:58] 2 
I0217 20:45:50.502565 1744282 patch_match.cc:58] 21 
I0217 20:45:50.502568 1744282 patch_match.cc:58] 8 
I0217 20:45:50.502570 1744282 patch_match.cc:58] 15 
I0217 20:45:50.502573 1744282 patch_match.cc:58] 4 
I0217 20:45:50.502576 1744282 patch_match.cc:58] 11 
I0217 20:45:50.502579 1744282 patch_match.cc:58] 7 
I0217 20:45:50.502583 1744282 patch_match.cc:58] 20 
I0217 20:45:50.502584 1744282 patch_match.cc:58] 10 
I0217 20:45:50.502588 1744282 patch_match.cc:58] 5 
I0217 20:45:50.502589 1744282 patch_match.cc:58] 19 
I0217 20:45:50.502593 1744282 patch_match.cc:58] 1 
I0217 20:45:50.502595 1744282 patch_match.cc:58] 0 
I0217 20:45:50.502597 1744282 patch_match.cc:60] 3
I0217 20:45:50.502600 1744282 misc.cc:51] 
PatchMatchOptions
-----------------
I0217 20:45:50.502604 1744282 patch_match_options.cc:47] max_image_size: -1
I0217 20:45:50.502606 1744282 patch_match_options.cc:48] gpu_index: 0
I0217 20:45:50.502609 1744282 patch_match_options.cc:49] depth_min: 1.55984
I0217 20:45:50.502617 1744282 patch_match_options.cc:50] depth_max: 8.99666
I0217 20:45:50.502620 1744282 patch_match_options.cc:51] window_radius: 5
I0217 20:45:50.502624 1744282 patch_match_options.cc:52] window_step: 1
I0217 20:45:50.502625 1744282 patch_match_options.cc:53] sigma_spatial: 5
I0217 20:45:50.502629 1744282 patch_match_options.cc:54] sigma_color: 0.2
I0217 20:45:50.502632 1744282 patch_match_options.cc:55] num_samples: 15
I0217 20:45:50.502635 1744282 patch_match_options.cc:56] ncc_sigma: 0.6
I0217 20:45:50.502638 1744282 patch_match_options.cc:57] min_triangulation_angle: 1
I0217 20:45:50.502641 1744282 patch_match_options.cc:58] incident_angle_sigma: 0.9
I0217 20:45:50.502645 1744282 patch_match_options.cc:59] num_iterations: 5
I0217 20:45:50.502646 1744282 patch_match_options.cc:60] geom_consistency: 0
I0217 20:45:50.502650 1744282 patch_match_options.cc:61] geom_consistency_regularizer: 0.3
I0217 20:45:50.502652 1744282 patch_match_options.cc:62] geom_consistency_max_cost: 3
I0217 20:45:50.502655 1744282 patch_match_options.cc:63] filter: 0
I0217 20:45:50.502658 1744282 patch_match_options.cc:64] filter_min_ncc: 0.1
I0217 20:45:50.502661 1744282 patch_match_options.cc:65] filter_min_triangulation_angle: 3
I0217 20:45:50.502664 1744282 patch_match_options.cc:66] filter_min_num_consistent: 2
I0217 20:45:50.502672 1744282 patch_match_options.cc:67] filter_geom_consistency_max_cost: 1
I0217 20:45:50.502674 1744282 patch_match_options.cc:68] write_consistency_graph: 0
I0217 20:45:50.502676 1744282 patch_match_options.cc:69] allow_missing_files: 0
I0217 20:45:50.502678 1744282 misc.cc:51] 
PatchMatch::Run
---------------
I0217 20:45:50.990113 1744282 cudacc.cc:51] Initialization: 0.3281s
I0217 20:45:52.450006 1744282 cudacc.cc:51]  Sweep 1: 1.4598s
I0217 20:45:54.411772 1744282 cudacc.cc:51]  Sweep 2: 1.9617s
I0217 20:45:55.830224 1744282 cudacc.cc:51]  Sweep 3: 1.4184s
I0217 20:45:57.745841 1744282 cudacc.cc:51]  Sweep 4: 1.9156s
I0217 20:45:57.745872 1744282 cudacc.cc:51] Iteration 1: 6.7557s
I0217 20:45:59.157136 1744282 cudacc.cc:51]  Sweep 1: 1.4112s
I0217 20:46:01.084057 1744282 cudacc.cc:51]  Sweep 2: 1.9269s
I0217 20:46:02.474006 1744282 cudacc.cc:51]  Sweep 3: 1.3899s
I0217 20:46:04.357674 1744282 cudacc.cc:51]  Sweep 4: 1.8836s
I0217 20:46:04.357707 1744282 cudacc.cc:51] Iteration 2: 6.6118s
I0217 20:46:05.755285 1744282 cudacc.cc:51]  Sweep 1: 1.3975s
I0217 20:46:07.665422 1744282 cudacc.cc:51]  Sweep 2: 1.9101s
I0217 20:46:09.096274 1744282 cudacc.cc:51]  Sweep 3: 1.4308s
I0217 20:46:10.971114 1744282 cudacc.cc:51]  Sweep 4: 1.8748s
I0217 20:46:10.971146 1744282 cudacc.cc:51] Iteration 3: 6.6134s
I0217 20:46:12.365772 1744282 cudacc.cc:51]  Sweep 1: 1.3946s
I0217 20:46:14.253438 1744282 cudacc.cc:51]  Sweep 2: 1.8876s
I0217 20:46:15.675055 1744282 cudacc.cc:51]  Sweep 3: 1.4216s
I0217 20:46:17.519090 1744282 cudacc.cc:51]  Sweep 4: 1.8440s
I0217 20:46:17.519117 1744282 cudacc.cc:51] Iteration 4: 6.5479s
I0217 20:46:18.906564 1744282 cudacc.cc:51]  Sweep 1: 1.3874s
I0217 20:46:20.770203 1744282 cudacc.cc:51]  Sweep 2: 1.8636s
I0217 20:46:22.187420 1744282 cudacc.cc:51]  Sweep 3: 1.4172s
I0217 20:46:23.999068 1744282 cudacc.cc:51]  Sweep 4: 1.8116s
I0217 20:46:23.999096 1744282 cudacc.cc:51] Iteration 5: 6.4799s
I0217 20:46:23.999105 1744282 cudacc.cc:51] Total: 33.3368s
I0217 20:46:23.999111 1744282 patch_match.cc:504] 
Writing photometric output for 4.png
I0217 20:46:25.912011 1744282 misc.cc:44] 
==============================================================================
Processing view 20 / 24 for 6.png
==============================================================================
I0217 20:46:25.912039 1744282 patch_match.cc:461] Reading inputs...
I0217 20:46:25.946010 1744282 misc.cc:51] 
PatchMatch::Problem
-------------------
I0217 20:46:25.946033 1744282 patch_match.cc:54] ref_image_idx: 19
I0217 20:46:25.946035 1744282 patch_match.cc:55] src_image_idxs: 
I0217 20:46:25.946038 1744282 patch_match.cc:58] 10 
I0217 20:46:25.946041 1744282 patch_match.cc:58] 0 
I0217 20:46:25.946043 1744282 patch_match.cc:58] 9 
I0217 20:46:25.946046 1744282 patch_match.cc:58] 13 
I0217 20:46:25.946049 1744282 patch_match.cc:58] 23 
I0217 20:46:25.946053 1744282 patch_match.cc:58] 15 
I0217 20:46:25.946054 1744282 patch_match.cc:58] 1 
I0217 20:46:25.946058 1744282 patch_match.cc:58] 14 
I0217 20:46:25.946060 1744282 patch_match.cc:58] 20 
I0217 20:46:25.946062 1744282 patch_match.cc:58] 7 
I0217 20:46:25.946065 1744282 patch_match.cc:58] 4 
I0217 20:46:25.946069 1744282 patch_match.cc:58] 16 
I0217 20:46:25.946071 1744282 patch_match.cc:58] 12 
I0217 20:46:25.946074 1744282 patch_match.cc:58] 11 
I0217 20:46:25.946077 1744282 patch_match.cc:58] 18 
I0217 20:46:25.946079 1744282 patch_match.cc:58] 21 
I0217 20:46:25.946082 1744282 patch_match.cc:58] 22 
I0217 20:46:25.946085 1744282 patch_match.cc:58] 2 
I0217 20:46:25.946087 1744282 patch_match.cc:60] 6
I0217 20:46:25.946091 1744282 misc.cc:51] 
PatchMatchOptions
-----------------
I0217 20:46:25.946094 1744282 patch_match_options.cc:47] max_image_size: -1
I0217 20:46:25.946096 1744282 patch_match_options.cc:48] gpu_index: 0
I0217 20:46:25.946099 1744282 patch_match_options.cc:49] depth_min: 1.24091
I0217 20:46:25.946107 1744282 patch_match_options.cc:50] depth_max: 11.3815
I0217 20:46:25.946111 1744282 patch_match_options.cc:51] window_radius: 5
I0217 20:46:25.946121 1744282 patch_match_options.cc:52] window_step: 1
I0217 20:46:25.946123 1744282 patch_match_options.cc:53] sigma_spatial: 5
I0217 20:46:25.946126 1744282 patch_match_options.cc:54] sigma_color: 0.2
I0217 20:46:25.946130 1744282 patch_match_options.cc:55] num_samples: 15
I0217 20:46:25.946131 1744282 patch_match_options.cc:56] ncc_sigma: 0.6
I0217 20:46:25.946133 1744282 patch_match_options.cc:57] min_triangulation_angle: 1
I0217 20:46:25.946135 1744282 patch_match_options.cc:58] incident_angle_sigma: 0.9
I0217 20:46:25.946138 1744282 patch_match_options.cc:59] num_iterations: 5
I0217 20:46:25.946139 1744282 patch_match_options.cc:60] geom_consistency: 0
I0217 20:46:25.946142 1744282 patch_match_options.cc:61] geom_consistency_regularizer: 0.3
I0217 20:46:25.946144 1744282 patch_match_options.cc:62] geom_consistency_max_cost: 3
I0217 20:46:25.946146 1744282 patch_match_options.cc:63] filter: 0
I0217 20:46:25.946148 1744282 patch_match_options.cc:64] filter_min_ncc: 0.1
I0217 20:46:25.946151 1744282 patch_match_options.cc:65] filter_min_triangulation_angle: 3
I0217 20:46:25.946153 1744282 patch_match_options.cc:66] filter_min_num_consistent: 2
I0217 20:46:25.946154 1744282 patch_match_options.cc:67] filter_geom_consistency_max_cost: 1
I0217 20:46:25.946157 1744282 patch_match_options.cc:68] write_consistency_graph: 0
I0217 20:46:25.946159 1744282 patch_match_options.cc:69] allow_missing_files: 0
I0217 20:46:25.946161 1744282 misc.cc:51] 
PatchMatch::Run
---------------
I0217 20:46:26.403360 1744282 cudacc.cc:51] Initialization: 0.3033s
I0217 20:46:27.864126 1744282 cudacc.cc:51]  Sweep 1: 1.4607s
I0217 20:46:29.943285 1744282 cudacc.cc:51]  Sweep 2: 2.0791s
I0217 20:46:31.379896 1744282 cudacc.cc:51]  Sweep 3: 1.4366s
I0217 20:46:33.411643 1744282 cudacc.cc:51]  Sweep 4: 2.0317s
I0217 20:46:33.411679 1744282 cudacc.cc:51] Iteration 1: 7.0082s
I0217 20:46:34.829100 1744282 cudacc.cc:51]  Sweep 1: 1.4174s
I0217 20:46:36.857334 1744282 cudacc.cc:51]  Sweep 2: 2.0282s
I0217 20:46:38.303505 1744282 cudacc.cc:51]  Sweep 3: 1.4461s
I0217 20:46:40.300561 1744282 cudacc.cc:51]  Sweep 4: 1.9970s
I0217 20:46:40.300594 1744282 cudacc.cc:51] Iteration 2: 6.8889s
I0217 20:46:41.709249 1744282 cudacc.cc:51]  Sweep 1: 1.4086s
I0217 20:46:43.721040 1744282 cudacc.cc:51]  Sweep 2: 2.0117s
I0217 20:46:45.149477 1744282 cudacc.cc:51]  Sweep 3: 1.4284s
I0217 20:46:47.128156 1744282 cudacc.cc:51]  Sweep 4: 1.9786s
I0217 20:46:47.128189 1744282 cudacc.cc:51] Iteration 3: 6.8275s
I0217 20:46:48.545054 1744282 cudacc.cc:51]  Sweep 1: 1.4168s
I0217 20:46:50.556346 1744282 cudacc.cc:51]  Sweep 2: 2.0112s
I0217 20:46:51.968611 1744282 cudacc.cc:51]  Sweep 3: 1.4122s
I0217 20:46:53.940009 1744282 cudacc.cc:51]  Sweep 4: 1.9713s
I0217 20:46:53.940042 1744282 cudacc.cc:51] Iteration 4: 6.8118s
I0217 20:46:55.347991 1744282 cudacc.cc:51]  Sweep 1: 1.4079s
I0217 20:46:57.320603 1744282 cudacc.cc:51]  Sweep 2: 1.9726s
I0217 20:46:58.714124 1744282 cudacc.cc:51]  Sweep 3: 1.3935s
I0217 20:47:00.672387 1744282 cudacc.cc:51]  Sweep 4: 1.9582s
I0217 20:47:00.672420 1744282 cudacc.cc:51] Iteration 5: 6.7323s
I0217 20:47:00.672430 1744282 cudacc.cc:51] Total: 34.5721s
I0217 20:47:00.672435 1744282 patch_match.cc:504] 
Writing photometric output for 6.png
I0217 20:47:02.379436 1744282 misc.cc:44] 
==============================================================================
Processing view 21 / 24 for 3.png
==============================================================================
I0217 20:47:02.379464 1744282 patch_match.cc:461] Reading inputs...
I0217 20:47:02.417577 1744282 misc.cc:51] 
PatchMatch::Problem
-------------------
I0217 20:47:02.417599 1744282 patch_match.cc:54] ref_image_idx: 20
I0217 20:47:02.417603 1744282 patch_match.cc:55] src_image_idxs: 
I0217 20:47:02.417606 1744282 patch_match.cc:58] 5 
I0217 20:47:02.417608 1744282 patch_match.cc:58] 8 
I0217 20:47:02.417611 1744282 patch_match.cc:58] 13 
I0217 20:47:02.417613 1744282 patch_match.cc:58] 10 
I0217 20:47:02.417616 1744282 patch_match.cc:58] 9 
I0217 20:47:02.417626 1744282 patch_match.cc:58] 17 
I0217 20:47:02.417629 1744282 patch_match.cc:58] 14 
I0217 20:47:02.417630 1744282 patch_match.cc:58] 1 
I0217 20:47:02.417632 1744282 patch_match.cc:58] 19 
I0217 20:47:02.417634 1744282 patch_match.cc:58] 6 
I0217 20:47:02.417635 1744282 patch_match.cc:58] 16 
I0217 20:47:02.417639 1744282 patch_match.cc:58] 4 
I0217 20:47:02.417640 1744282 patch_match.cc:58] 12 
I0217 20:47:02.417642 1744282 patch_match.cc:58] 7 
I0217 20:47:02.417644 1744282 patch_match.cc:58] 11 
I0217 20:47:02.417646 1744282 patch_match.cc:58] 21 
I0217 20:47:02.417647 1744282 patch_match.cc:58] 18 
I0217 20:47:02.417649 1744282 patch_match.cc:58] 15 
I0217 20:47:02.417651 1744282 patch_match.cc:58] 2 
I0217 20:47:02.417654 1744282 patch_match.cc:60] 22
I0217 20:47:02.417655 1744282 misc.cc:51] 
PatchMatchOptions
-----------------
I0217 20:47:02.417657 1744282 patch_match_options.cc:47] max_image_size: -1
I0217 20:47:02.417659 1744282 patch_match_options.cc:48] gpu_index: 0
I0217 20:47:02.417661 1744282 patch_match_options.cc:49] depth_min: 1.69639
I0217 20:47:02.417668 1744282 patch_match_options.cc:50] depth_max: 11.2916
I0217 20:47:02.417671 1744282 patch_match_options.cc:51] window_radius: 5
I0217 20:47:02.417673 1744282 patch_match_options.cc:52] window_step: 1
I0217 20:47:02.417675 1744282 patch_match_options.cc:53] sigma_spatial: 5
I0217 20:47:02.417677 1744282 patch_match_options.cc:54] sigma_color: 0.2
I0217 20:47:02.417680 1744282 patch_match_options.cc:55] num_samples: 15
I0217 20:47:02.417681 1744282 patch_match_options.cc:56] ncc_sigma: 0.6
I0217 20:47:02.417685 1744282 patch_match_options.cc:57] min_triangulation_angle: 1
I0217 20:47:02.417686 1744282 patch_match_options.cc:58] incident_angle_sigma: 0.9
I0217 20:47:02.417688 1744282 patch_match_options.cc:59] num_iterations: 5
I0217 20:47:02.417690 1744282 patch_match_options.cc:60] geom_consistency: 0
I0217 20:47:02.417692 1744282 patch_match_options.cc:61] geom_consistency_regularizer: 0.3
I0217 20:47:02.417694 1744282 patch_match_options.cc:62] geom_consistency_max_cost: 3
I0217 20:47:02.417697 1744282 patch_match_options.cc:63] filter: 0
I0217 20:47:02.417699 1744282 patch_match_options.cc:64] filter_min_ncc: 0.1
I0217 20:47:02.417701 1744282 patch_match_options.cc:65] filter_min_triangulation_angle: 3
I0217 20:47:02.417703 1744282 patch_match_options.cc:66] filter_min_num_consistent: 2
I0217 20:47:02.417706 1744282 patch_match_options.cc:67] filter_geom_consistency_max_cost: 1
I0217 20:47:02.417707 1744282 patch_match_options.cc:68] write_consistency_graph: 0
I0217 20:47:02.417709 1744282 patch_match_options.cc:69] allow_missing_files: 0
I0217 20:47:02.417716 1744282 misc.cc:51] 
PatchMatch::Run
---------------
I0217 20:47:02.909360 1744282 cudacc.cc:51] Initialization: 0.3361s
I0217 20:47:04.387722 1744282 cudacc.cc:51]  Sweep 1: 1.4783s
I0217 20:47:06.489456 1744282 cudacc.cc:51]  Sweep 2: 2.1017s
I0217 20:47:07.946188 1744282 cudacc.cc:51]  Sweep 3: 1.4567s
I0217 20:47:09.971819 1744282 cudacc.cc:51]  Sweep 4: 2.0256s
I0217 20:47:09.971853 1744282 cudacc.cc:51] Iteration 1: 7.0624s
I0217 20:47:11.399636 1744282 cudacc.cc:51]  Sweep 1: 1.4278s
I0217 20:47:13.432436 1744282 cudacc.cc:51]  Sweep 2: 2.0327s
I0217 20:47:14.877427 1744282 cudacc.cc:51]  Sweep 3: 1.4449s
I0217 20:47:16.882652 1744282 cudacc.cc:51]  Sweep 4: 2.0052s
I0217 20:47:16.882686 1744282 cudacc.cc:51] Iteration 2: 6.9108s
I0217 20:47:18.307682 1744282 cudacc.cc:51]  Sweep 1: 1.4250s
I0217 20:47:20.344928 1744282 cudacc.cc:51]  Sweep 2: 2.0372s
I0217 20:47:21.796447 1744282 cudacc.cc:51]  Sweep 3: 1.4515s
I0217 20:47:23.788558 1744282 cudacc.cc:51]  Sweep 4: 1.9921s
I0217 20:47:23.788589 1744282 cudacc.cc:51] Iteration 3: 6.9058s
I0217 20:47:25.209264 1744282 cudacc.cc:51]  Sweep 1: 1.4206s
I0217 20:47:27.216068 1744282 cudacc.cc:51]  Sweep 2: 2.0067s
I0217 20:47:28.657398 1744282 cudacc.cc:51]  Sweep 3: 1.4413s
I0217 20:47:30.637882 1744282 cudacc.cc:51]  Sweep 4: 1.9804s
I0217 20:47:30.637915 1744282 cudacc.cc:51] Iteration 4: 6.8493s
I0217 20:47:32.052513 1744282 cudacc.cc:51]  Sweep 1: 1.4146s
I0217 20:47:34.039086 1744282 cudacc.cc:51]  Sweep 2: 1.9865s
I0217 20:47:35.478114 1744282 cudacc.cc:51]  Sweep 3: 1.4390s
I0217 20:47:37.438125 1744282 cudacc.cc:51]  Sweep 4: 1.9600s
I0217 20:47:37.438159 1744282 cudacc.cc:51] Iteration 5: 6.8002s
I0217 20:47:37.438169 1744282 cudacc.cc:51] Total: 34.8647s
I0217 20:47:37.438174 1744282 patch_match.cc:504] 
Writing photometric output for 3.png
I0217 20:47:39.460443 1744282 misc.cc:44] 
==============================================================================
Processing view 22 / 24 for 9.png
==============================================================================
I0217 20:47:39.460475 1744282 patch_match.cc:461] Reading inputs...
I0217 20:47:39.502666 1744282 misc.cc:51] 
PatchMatch::Problem
-------------------
I0217 20:47:39.502691 1744282 patch_match.cc:54] ref_image_idx: 21
I0217 20:47:39.502694 1744282 patch_match.cc:55] src_image_idxs: 
I0217 20:47:39.502697 1744282 patch_match.cc:58] 14 
I0217 20:47:39.502700 1744282 patch_match.cc:58] 12 
I0217 20:47:39.502702 1744282 patch_match.cc:58] 22 
I0217 20:47:39.502705 1744282 patch_match.cc:58] 13 
I0217 20:47:39.502708 1744282 patch_match.cc:58] 2 
I0217 20:47:39.502715 1744282 patch_match.cc:58] 17 
I0217 20:47:39.502719 1744282 patch_match.cc:58] 16 
I0217 20:47:39.502722 1744282 patch_match.cc:58] 18 
I0217 20:47:39.502724 1744282 patch_match.cc:58] 5 
I0217 20:47:39.502727 1744282 patch_match.cc:58] 15 
I0217 20:47:39.502730 1744282 patch_match.cc:58] 4 
I0217 20:47:39.502732 1744282 patch_match.cc:58] 11 
I0217 20:47:39.502735 1744282 patch_match.cc:58] 7 
I0217 20:47:39.502738 1744282 patch_match.cc:58] 20 
I0217 20:47:39.502741 1744282 patch_match.cc:58] 10 
I0217 20:47:39.502744 1744282 patch_match.cc:58] 8 
I0217 20:47:39.502746 1744282 patch_match.cc:58] 19 
I0217 20:47:39.502749 1744282 patch_match.cc:58] 1 
I0217 20:47:39.502753 1744282 patch_match.cc:58] 0 
I0217 20:47:39.502755 1744282 patch_match.cc:60] 3
I0217 20:47:39.502758 1744282 misc.cc:51] 
PatchMatchOptions
-----------------
I0217 20:47:39.502761 1744282 patch_match_options.cc:47] max_image_size: -1
I0217 20:47:39.502764 1744282 patch_match_options.cc:48] gpu_index: 0
I0217 20:47:39.502768 1744282 patch_match_options.cc:49] depth_min: 1.27006
I0217 20:47:39.502775 1744282 patch_match_options.cc:50] depth_max: 10.7063
I0217 20:47:39.502779 1744282 patch_match_options.cc:51] window_radius: 5
I0217 20:47:39.502782 1744282 patch_match_options.cc:52] window_step: 1
I0217 20:47:39.502784 1744282 patch_match_options.cc:53] sigma_spatial: 5
I0217 20:47:39.502787 1744282 patch_match_options.cc:54] sigma_color: 0.2
I0217 20:47:39.502791 1744282 patch_match_options.cc:55] num_samples: 15
I0217 20:47:39.502794 1744282 patch_match_options.cc:56] ncc_sigma: 0.6
I0217 20:47:39.502797 1744282 patch_match_options.cc:57] min_triangulation_angle: 1
I0217 20:47:39.502800 1744282 patch_match_options.cc:58] incident_angle_sigma: 0.9
I0217 20:47:39.502804 1744282 patch_match_options.cc:59] num_iterations: 5
I0217 20:47:39.502806 1744282 patch_match_options.cc:60] geom_consistency: 0
I0217 20:47:39.502810 1744282 patch_match_options.cc:61] geom_consistency_regularizer: 0.3
I0217 20:47:39.502812 1744282 patch_match_options.cc:62] geom_consistency_max_cost: 3
I0217 20:47:39.502815 1744282 patch_match_options.cc:63] filter: 0
I0217 20:47:39.502818 1744282 patch_match_options.cc:64] filter_min_ncc: 0.1
I0217 20:47:39.502821 1744282 patch_match_options.cc:65] filter_min_triangulation_angle: 3
I0217 20:47:39.502825 1744282 patch_match_options.cc:66] filter_min_num_consistent: 2
I0217 20:47:39.502827 1744282 patch_match_options.cc:67] filter_geom_consistency_max_cost: 1
I0217 20:47:39.502830 1744282 patch_match_options.cc:68] write_consistency_graph: 0
I0217 20:47:39.502833 1744282 patch_match_options.cc:69] allow_missing_files: 0
I0217 20:47:39.502837 1744282 misc.cc:51] 
PatchMatch::Run
---------------
I0217 20:47:39.979461 1744282 cudacc.cc:51] Initialization: 0.3170s
I0217 20:47:41.412318 1744282 cudacc.cc:51]  Sweep 1: 1.4328s
I0217 20:47:43.386721 1744282 cudacc.cc:51]  Sweep 2: 1.9743s
I0217 20:47:44.783824 1744282 cudacc.cc:51]  Sweep 3: 1.3971s
I0217 20:47:46.735829 1744282 cudacc.cc:51]  Sweep 4: 1.9519s
I0217 20:47:46.735863 1744282 cudacc.cc:51] Iteration 1: 6.7563s
I0217 20:47:48.133785 1744282 cudacc.cc:51]  Sweep 1: 1.3979s
I0217 20:47:50.049356 1744282 cudacc.cc:51]  Sweep 2: 1.9155s
I0217 20:47:51.412659 1744282 cudacc.cc:51]  Sweep 3: 1.3633s
I0217 20:47:53.342319 1744282 cudacc.cc:51]  Sweep 4: 1.9296s
I0217 20:47:53.342351 1744282 cudacc.cc:51] Iteration 2: 6.6064s
I0217 20:47:54.730746 1744282 cudacc.cc:51]  Sweep 1: 1.3884s
I0217 20:47:56.623225 1744282 cudacc.cc:51]  Sweep 2: 1.8924s
I0217 20:47:57.971808 1744282 cudacc.cc:51]  Sweep 3: 1.3485s
I0217 20:47:59.887616 1744282 cudacc.cc:51]  Sweep 4: 1.9158s
I0217 20:47:59.887646 1744282 cudacc.cc:51] Iteration 3: 6.5452s
I0217 20:48:01.278155 1744282 cudacc.cc:51]  Sweep 1: 1.3905s
I0217 20:48:03.148079 1744282 cudacc.cc:51]  Sweep 2: 1.8699s
I0217 20:48:04.529176 1744282 cudacc.cc:51]  Sweep 3: 1.3810s
I0217 20:48:06.423848 1744282 cudacc.cc:51]  Sweep 4: 1.8946s
I0217 20:48:06.423878 1744282 cudacc.cc:51] Iteration 4: 6.5362s
I0217 20:48:07.794822 1744282 cudacc.cc:51]  Sweep 1: 1.3709s
I0217 20:48:09.626593 1744282 cudacc.cc:51]  Sweep 2: 1.8317s
I0217 20:48:11.001940 1744282 cudacc.cc:51]  Sweep 3: 1.3753s
I0217 20:48:12.869976 1744282 cudacc.cc:51]  Sweep 4: 1.8680s
I0217 20:48:12.870012 1744282 cudacc.cc:51] Iteration 5: 6.4461s
I0217 20:48:12.870023 1744282 cudacc.cc:51] Total: 33.2074s
I0217 20:48:12.870028 1744282 patch_match.cc:504] 
Writing photometric output for 9.png
I0217 20:48:14.713104 1744282 misc.cc:44] 
==============================================================================
Processing view 23 / 24 for 8.png
==============================================================================
I0217 20:48:14.713137 1744282 patch_match.cc:461] Reading inputs...
I0217 20:48:14.754745 1744282 misc.cc:51] 
PatchMatch::Problem
-------------------
I0217 20:48:14.754768 1744282 patch_match.cc:54] ref_image_idx: 22
I0217 20:48:14.754773 1744282 patch_match.cc:55] src_image_idxs: 
I0217 20:48:14.754777 1744282 patch_match.cc:58] 18 
I0217 20:48:14.754781 1744282 patch_match.cc:58] 21 
I0217 20:48:14.754784 1744282 patch_match.cc:58] 10 
I0217 20:48:14.754787 1744282 patch_match.cc:58] 7 
I0217 20:48:14.754791 1744282 patch_match.cc:58] 0 
I0217 20:48:14.754794 1744282 patch_match.cc:58] 20 
I0217 20:48:14.754798 1744282 patch_match.cc:58] 4 
I0217 20:48:14.754801 1744282 patch_match.cc:58] 2 
I0217 20:48:14.754805 1744282 patch_match.cc:58] 14 
I0217 20:48:14.754809 1744282 patch_match.cc:58] 1 
I0217 20:48:14.754812 1744282 patch_match.cc:58] 16 
I0217 20:48:14.754817 1744282 patch_match.cc:58] 3 
I0217 20:48:14.754819 1744282 patch_match.cc:58] 12 
I0217 20:48:14.754823 1744282 patch_match.cc:58] 9 
I0217 20:48:14.754827 1744282 patch_match.cc:58] 13 
I0217 20:48:14.754830 1744282 patch_match.cc:58] 23 
I0217 20:48:14.754834 1744282 patch_match.cc:58] 6 
I0217 20:48:14.754837 1744282 patch_match.cc:58] 19 
I0217 20:48:14.754841 1744282 patch_match.cc:58] 11 
I0217 20:48:14.754845 1744282 patch_match.cc:60] 17
I0217 20:48:14.754849 1744282 misc.cc:51] 
PatchMatchOptions
-----------------
I0217 20:48:14.754853 1744282 patch_match_options.cc:47] max_image_size: -1
I0217 20:48:14.754858 1744282 patch_match_options.cc:48] gpu_index: 0
I0217 20:48:14.754863 1744282 patch_match_options.cc:49] depth_min: 1.85589
I0217 20:48:14.754870 1744282 patch_match_options.cc:50] depth_max: 7.82419
I0217 20:48:14.754874 1744282 patch_match_options.cc:51] window_radius: 5
I0217 20:48:14.754878 1744282 patch_match_options.cc:52] window_step: 1
I0217 20:48:14.754881 1744282 patch_match_options.cc:53] sigma_spatial: 5
I0217 20:48:14.754885 1744282 patch_match_options.cc:54] sigma_color: 0.2
I0217 20:48:14.754890 1744282 patch_match_options.cc:55] num_samples: 15
I0217 20:48:14.754894 1744282 patch_match_options.cc:56] ncc_sigma: 0.6
I0217 20:48:14.754899 1744282 patch_match_options.cc:57] min_triangulation_angle: 1
I0217 20:48:14.754909 1744282 patch_match_options.cc:58] incident_angle_sigma: 0.9
I0217 20:48:14.754912 1744282 patch_match_options.cc:59] num_iterations: 5
I0217 20:48:14.754914 1744282 patch_match_options.cc:60] geom_consistency: 0
I0217 20:48:14.754917 1744282 patch_match_options.cc:61] geom_consistency_regularizer: 0.3
I0217 20:48:14.754920 1744282 patch_match_options.cc:62] geom_consistency_max_cost: 3
I0217 20:48:14.754923 1744282 patch_match_options.cc:63] filter: 0
I0217 20:48:14.754926 1744282 patch_match_options.cc:64] filter_min_ncc: 0.1
I0217 20:48:14.754930 1744282 patch_match_options.cc:65] filter_min_triangulation_angle: 3
I0217 20:48:14.754932 1744282 patch_match_options.cc:66] filter_min_num_consistent: 2
I0217 20:48:14.754935 1744282 patch_match_options.cc:67] filter_geom_consistency_max_cost: 1
I0217 20:48:14.754938 1744282 patch_match_options.cc:68] write_consistency_graph: 0
I0217 20:48:14.754941 1744282 patch_match_options.cc:69] allow_missing_files: 0
I0217 20:48:14.754945 1744282 misc.cc:51] 
PatchMatch::Run
---------------
I0217 20:48:15.233515 1744282 cudacc.cc:51] Initialization: 0.3155s
I0217 20:48:16.698439 1744282 cudacc.cc:51]  Sweep 1: 1.4649s
I0217 20:48:18.738744 1744282 cudacc.cc:51]  Sweep 2: 2.0402s
I0217 20:48:20.163493 1744282 cudacc.cc:51]  Sweep 3: 1.4247s
I0217 20:48:22.175030 1744282 cudacc.cc:51]  Sweep 4: 2.0115s
I0217 20:48:22.175064 1744282 cudacc.cc:51] Iteration 1: 6.9415s
I0217 20:48:23.571837 1744282 cudacc.cc:51]  Sweep 1: 1.3967s
I0217 20:48:25.561707 1744282 cudacc.cc:51]  Sweep 2: 1.9898s
I0217 20:48:26.963860 1744282 cudacc.cc:51]  Sweep 3: 1.4021s
I0217 20:48:28.953609 1744282 cudacc.cc:51]  Sweep 4: 1.9897s
I0217 20:48:28.953644 1744282 cudacc.cc:51] Iteration 2: 6.7785s
I0217 20:48:30.344049 1744282 cudacc.cc:51]  Sweep 1: 1.3904s
I0217 20:48:32.323254 1744282 cudacc.cc:51]  Sweep 2: 1.9791s
I0217 20:48:33.734933 1744282 cudacc.cc:51]  Sweep 3: 1.4116s
I0217 20:48:35.705920 1744282 cudacc.cc:51]  Sweep 4: 1.9709s
I0217 20:48:35.705956 1744282 cudacc.cc:51] Iteration 3: 6.7522s
I0217 20:48:37.089833 1744282 cudacc.cc:51]  Sweep 1: 1.3838s
I0217 20:48:39.037325 1744282 cudacc.cc:51]  Sweep 2: 1.9474s
I0217 20:48:40.446471 1744282 cudacc.cc:51]  Sweep 3: 1.4091s
I0217 20:48:42.383721 1744282 cudacc.cc:51]  Sweep 4: 1.9372s
I0217 20:48:42.383754 1744282 cudacc.cc:51] Iteration 4: 6.6777s
I0217 20:48:43.755723 1744282 cudacc.cc:51]  Sweep 1: 1.3719s
I0217 20:48:45.668323 1744282 cudacc.cc:51]  Sweep 2: 1.9125s
I0217 20:48:47.077018 1744282 cudacc.cc:51]  Sweep 3: 1.4086s
I0217 20:48:48.977597 1744282 cudacc.cc:51]  Sweep 4: 1.9005s
I0217 20:48:48.977627 1744282 cudacc.cc:51] Iteration 5: 6.5938s
I0217 20:48:48.977636 1744282 cudacc.cc:51] Total: 34.0593s
I0217 20:48:48.977643 1744282 patch_match.cc:504] 
Writing photometric output for 8.png
I0217 20:49:06.745128 1744282 misc.cc:44] 
==============================================================================
Processing view 24 / 24 for 7.png
==============================================================================
I0217 20:49:06.745194 1744282 patch_match.cc:461] Reading inputs...
I0217 20:49:06.785387 1744282 misc.cc:51] 
PatchMatch::Problem
-------------------
I0217 20:49:06.785409 1744282 patch_match.cc:54] ref_image_idx: 23
I0217 20:49:06.785413 1744282 patch_match.cc:55] src_image_idxs: 
I0217 20:49:06.785415 1744282 patch_match.cc:58] 4 
I0217 20:49:06.785418 1744282 patch_match.cc:58] 11 
I0217 20:49:06.785420 1744282 patch_match.cc:58] 1 
I0217 20:49:06.785423 1744282 patch_match.cc:58] 21 
I0217 20:49:06.785426 1744282 patch_match.cc:58] 19 
I0217 20:49:06.785429 1744282 patch_match.cc:58] 18 
I0217 20:49:06.785431 1744282 patch_match.cc:58] 6 
I0217 20:49:06.785434 1744282 patch_match.cc:58] 9 
I0217 20:49:06.785436 1744282 patch_match.cc:58] 22 
I0217 20:49:06.785439 1744282 patch_match.cc:58] 13 
I0217 20:49:06.785442 1744282 patch_match.cc:58] 0 
I0217 20:49:06.785445 1744282 patch_match.cc:58] 3 
I0217 20:49:06.785449 1744282 patch_match.cc:58] 16 
I0217 20:49:06.785458 1744282 patch_match.cc:58] 14 
I0217 20:49:06.785460 1744282 patch_match.cc:58] 2 
I0217 20:49:06.785462 1744282 patch_match.cc:58] 17 
I0217 20:49:06.785465 1744282 patch_match.cc:58] 10 
I0217 20:49:06.785466 1744282 patch_match.cc:58] 5 
I0217 20:49:06.785468 1744282 patch_match.cc:58] 12 
I0217 20:49:06.785470 1744282 patch_match.cc:60] 8
I0217 20:49:06.785472 1744282 misc.cc:51] 
PatchMatchOptions
-----------------
I0217 20:49:06.785475 1744282 patch_match_options.cc:47] max_image_size: -1
I0217 20:49:06.785476 1744282 patch_match_options.cc:48] gpu_index: 0
I0217 20:49:06.785478 1744282 patch_match_options.cc:49] depth_min: 1.59755
I0217 20:49:06.785485 1744282 patch_match_options.cc:50] depth_max: 11.1153
I0217 20:49:06.785488 1744282 patch_match_options.cc:51] window_radius: 5
I0217 20:49:06.785490 1744282 patch_match_options.cc:52] window_step: 1
I0217 20:49:06.785492 1744282 patch_match_options.cc:53] sigma_spatial: 5
I0217 20:49:06.785494 1744282 patch_match_options.cc:54] sigma_color: 0.2
I0217 20:49:06.785497 1744282 patch_match_options.cc:55] num_samples: 15
I0217 20:49:06.785499 1744282 patch_match_options.cc:56] ncc_sigma: 0.6
I0217 20:49:06.785501 1744282 patch_match_options.cc:57] min_triangulation_angle: 1
I0217 20:49:06.785504 1744282 patch_match_options.cc:58] incident_angle_sigma: 0.9
I0217 20:49:06.785506 1744282 patch_match_options.cc:59] num_iterations: 5
I0217 20:49:06.785508 1744282 patch_match_options.cc:60] geom_consistency: 0
I0217 20:49:06.785511 1744282 patch_match_options.cc:61] geom_consistency_regularizer: 0.3
I0217 20:49:06.785512 1744282 patch_match_options.cc:62] geom_consistency_max_cost: 3
I0217 20:49:06.785514 1744282 patch_match_options.cc:63] filter: 0
I0217 20:49:06.785516 1744282 patch_match_options.cc:64] filter_min_ncc: 0.1
I0217 20:49:06.785518 1744282 patch_match_options.cc:65] filter_min_triangulation_angle: 3
I0217 20:49:06.785521 1744282 patch_match_options.cc:66] filter_min_num_consistent: 2
I0217 20:49:06.785522 1744282 patch_match_options.cc:67] filter_geom_consistency_max_cost: 1
I0217 20:49:06.785524 1744282 patch_match_options.cc:68] write_consistency_graph: 0
I0217 20:49:06.785526 1744282 patch_match_options.cc:69] allow_missing_files: 0
I0217 20:49:06.785529 1744282 misc.cc:51] 
PatchMatch::Run
---------------
I0217 20:49:07.280776 1744282 cudacc.cc:51] Initialization: 0.3371s
I0217 20:49:08.785313 1744282 cudacc.cc:51]  Sweep 1: 1.5045s
I0217 20:49:10.870823 1744282 cudacc.cc:51]  Sweep 2: 2.0854s
I0217 20:49:12.340169 1744282 cudacc.cc:51]  Sweep 3: 1.4693s
I0217 20:49:14.344396 1744282 cudacc.cc:51]  Sweep 4: 2.0042s
I0217 20:49:14.344430 1744282 cudacc.cc:51] Iteration 1: 7.0635s
I0217 20:49:15.767200 1744282 cudacc.cc:51]  Sweep 1: 1.4227s
I0217 20:49:17.795500 1744282 cudacc.cc:51]  Sweep 2: 2.0282s
I0217 20:49:19.237990 1744282 cudacc.cc:51]  Sweep 3: 1.4424s
I0217 20:49:21.239924 1744282 cudacc.cc:51]  Sweep 4: 2.0019s
I0217 20:49:21.239954 1744282 cudacc.cc:51] Iteration 2: 6.8955s
I0217 20:49:22.648623 1744282 cudacc.cc:51]  Sweep 1: 1.4086s
I0217 20:49:24.650267 1744282 cudacc.cc:51]  Sweep 2: 2.0016s
I0217 20:49:26.087944 1744282 cudacc.cc:51]  Sweep 3: 1.4376s
I0217 20:49:28.066504 1744282 cudacc.cc:51]  Sweep 4: 1.9785s
I0217 20:49:28.066563 1744282 cudacc.cc:51] Iteration 3: 6.8265s
I0217 20:49:29.478688 1744282 cudacc.cc:51]  Sweep 1: 1.4121s
I0217 20:49:31.461464 1744282 cudacc.cc:51]  Sweep 2: 1.9827s
I0217 20:49:32.910631 1744282 cudacc.cc:51]  Sweep 3: 1.4491s
I0217 20:49:34.882400 1744282 cudacc.cc:51]  Sweep 4: 1.9717s
I0217 20:49:34.882434 1744282 cudacc.cc:51] Iteration 4: 6.8158s
I0217 20:49:36.279515 1744282 cudacc.cc:51]  Sweep 1: 1.3970s
I0217 20:49:38.230115 1744282 cudacc.cc:51]  Sweep 2: 1.9505s
I0217 20:49:39.658216 1744282 cudacc.cc:51]  Sweep 3: 1.4280s
I0217 20:49:41.605655 1744282 cudacc.cc:51]  Sweep 4: 1.9473s
I0217 20:49:41.605684 1744282 cudacc.cc:51] Iteration 5: 6.7232s
I0217 20:49:41.605693 1744282 cudacc.cc:51] Total: 34.6617s
I0217 20:49:41.605698 1744282 patch_match.cc:504] 
Writing photometric output for 7.png
I0217 20:50:42.990607 1744282 misc.cc:44] 
==============================================================================
Processing view 1 / 24 for 0.png
==============================================================================
I0217 20:50:42.990659 1744282 patch_match.cc:461] Reading inputs...
I0217 20:50:59.135219 1744282 misc.cc:51] 
PatchMatch::Problem
-------------------
I0217 20:50:59.135246 1744282 patch_match.cc:54] ref_image_idx: 0
I0217 20:50:59.135249 1744282 patch_match.cc:55] src_image_idxs: 
I0217 20:50:59.135252 1744282 patch_match.cc:58] 14 
I0217 20:50:59.135255 1744282 patch_match.cc:58] 2 
I0217 20:50:59.135258 1744282 patch_match.cc:58] 21 
I0217 20:50:59.135260 1744282 patch_match.cc:58] 8 
I0217 20:50:59.135263 1744282 patch_match.cc:58] 19 
I0217 20:50:59.135267 1744282 patch_match.cc:58] 12 
I0217 20:50:59.135268 1744282 patch_match.cc:58] 16 
I0217 20:50:59.135272 1744282 patch_match.cc:58] 3 
I0217 20:50:59.135273 1744282 patch_match.cc:58] 15 
I0217 20:50:59.135277 1744282 patch_match.cc:58] 17 
I0217 20:50:59.135279 1744282 patch_match.cc:58] 13 
I0217 20:50:59.135282 1744282 patch_match.cc:58] 10 
I0217 20:50:59.135284 1744282 patch_match.cc:58] 23 
I0217 20:50:59.135286 1744282 patch_match.cc:58] 9 
I0217 20:50:59.135289 1744282 patch_match.cc:58] 22 
I0217 20:50:59.135293 1744282 patch_match.cc:58] 5 
I0217 20:50:59.135294 1744282 patch_match.cc:60] 18
I0217 20:50:59.135298 1744282 misc.cc:51] 
PatchMatchOptions
-----------------
I0217 20:50:59.135300 1744282 patch_match_options.cc:47] max_image_size: -1
I0217 20:50:59.135303 1744282 patch_match_options.cc:48] gpu_index: 0
I0217 20:50:59.135306 1744282 patch_match_options.cc:49] depth_min: 1.4078
I0217 20:50:59.135315 1744282 patch_match_options.cc:50] depth_max: 7.47911
I0217 20:50:59.135318 1744282 patch_match_options.cc:51] window_radius: 5
I0217 20:50:59.135321 1744282 patch_match_options.cc:52] window_step: 1
I0217 20:50:59.135324 1744282 patch_match_options.cc:53] sigma_spatial: 5
I0217 20:50:59.135327 1744282 patch_match_options.cc:54] sigma_color: 0.2
I0217 20:50:59.135330 1744282 patch_match_options.cc:55] num_samples: 15
I0217 20:50:59.135332 1744282 patch_match_options.cc:56] ncc_sigma: 0.6
I0217 20:50:59.135335 1744282 patch_match_options.cc:57] min_triangulation_angle: 1
I0217 20:50:59.135339 1744282 patch_match_options.cc:58] incident_angle_sigma: 0.9
I0217 20:50:59.135341 1744282 patch_match_options.cc:59] num_iterations: 5
I0217 20:50:59.135344 1744282 patch_match_options.cc:60] geom_consistency: 1
I0217 20:50:59.135347 1744282 patch_match_options.cc:61] geom_consistency_regularizer: 0.3
I0217 20:50:59.135350 1744282 patch_match_options.cc:62] geom_consistency_max_cost: 3
I0217 20:50:59.135352 1744282 patch_match_options.cc:63] filter: 1
I0217 20:50:59.135355 1744282 patch_match_options.cc:64] filter_min_ncc: 0.1
I0217 20:50:59.135358 1744282 patch_match_options.cc:65] filter_min_triangulation_angle: 3
I0217 20:50:59.135361 1744282 patch_match_options.cc:66] filter_min_num_consistent: 2
I0217 20:50:59.135365 1744282 patch_match_options.cc:67] filter_geom_consistency_max_cost: 1
I0217 20:50:59.135366 1744282 patch_match_options.cc:68] write_consistency_graph: 0
I0217 20:50:59.135370 1744282 patch_match_options.cc:69] allow_missing_files: 0
I0217 20:50:59.135372 1744282 misc.cc:51] 
PatchMatch::Run
---------------
I0217 20:51:00.029006 1744282 cudacc.cc:51] Initialization: 0.2638s
I0217 20:51:01.360710 1744282 cudacc.cc:51]  Sweep 1: 1.3316s
I0217 20:51:03.256906 1744282 cudacc.cc:51]  Sweep 2: 1.8961s
I0217 20:51:04.642297 1744282 cudacc.cc:51]  Sweep 3: 1.3853s
I0217 20:51:06.505955 1744282 cudacc.cc:51]  Sweep 4: 1.8636s
I0217 20:51:06.505987 1744282 cudacc.cc:51] Iteration 1: 6.4769s
I0217 20:51:07.804687 1744282 cudacc.cc:51]  Sweep 1: 1.2987s
I0217 20:51:09.668617 1744282 cudacc.cc:51]  Sweep 2: 1.8638s
I0217 20:51:11.039438 1744282 cudacc.cc:51]  Sweep 3: 1.3708s
I0217 20:51:12.877609 1744282 cudacc.cc:51]  Sweep 4: 1.8381s
I0217 20:51:12.877642 1744282 cudacc.cc:51] Iteration 2: 6.3716s
I0217 20:51:14.154538 1744282 cudacc.cc:51]  Sweep 1: 1.2769s
I0217 20:51:15.996892 1744282 cudacc.cc:51]  Sweep 2: 1.8423s
I0217 20:51:17.358143 1744282 cudacc.cc:51]  Sweep 3: 1.3612s
I0217 20:51:19.175544 1744282 cudacc.cc:51]  Sweep 4: 1.8173s
I0217 20:51:19.175575 1744282 cudacc.cc:51] Iteration 3: 6.2978s
I0217 20:51:20.441593 1744282 cudacc.cc:51]  Sweep 1: 1.2660s
I0217 20:51:22.275985 1744282 cudacc.cc:51]  Sweep 2: 1.8343s
I0217 20:51:23.628363 1744282 cudacc.cc:51]  Sweep 3: 1.3523s
I0217 20:51:25.422609 1744282 cudacc.cc:51]  Sweep 4: 1.7942s
I0217 20:51:25.422642 1744282 cudacc.cc:51] Iteration 4: 6.2470s
I0217 20:51:26.668668 1744282 cudacc.cc:51]  Sweep 1: 1.2460s
I0217 20:51:28.476802 1744282 cudacc.cc:51]  Sweep 2: 1.8081s
I0217 20:51:29.808321 1744282 cudacc.cc:51]  Sweep 3: 1.3315s
I0217 20:51:31.603878 1744282 cudacc.cc:51]  Sweep 4: 1.7955s
I0217 20:51:31.603915 1744282 cudacc.cc:51] Iteration 5: 6.1812s
I0217 20:51:31.603925 1744282 cudacc.cc:51] Total: 31.8384s
I0217 20:51:31.603930 1744282 patch_match.cc:504] 
Writing geometric output for 0.png
I0217 20:52:35.754983 1744282 misc.cc:44] 
==============================================================================
Processing view 2 / 24 for 10.png
==============================================================================
I0217 20:52:35.755025 1744282 patch_match.cc:461] Reading inputs...
I0217 20:52:44.608162 1744282 misc.cc:51] 
PatchMatch::Problem
-------------------
I0217 20:52:44.608229 1744282 patch_match.cc:54] ref_image_idx: 1
I0217 20:52:44.608233 1744282 patch_match.cc:55] src_image_idxs: 
I0217 20:52:44.608237 1744282 patch_match.cc:58] 22 
I0217 20:52:44.608239 1744282 patch_match.cc:58] 15 
I0217 20:52:44.608242 1744282 patch_match.cc:58] 2 
I0217 20:52:44.608245 1744282 patch_match.cc:58] 18 
I0217 20:52:44.608248 1744282 patch_match.cc:58] 21 
I0217 20:52:44.608251 1744282 patch_match.cc:58] 11 
I0217 20:52:44.608254 1744282 patch_match.cc:58] 16 
I0217 20:52:44.608258 1744282 patch_match.cc:58] 17 
I0217 20:52:44.608260 1744282 patch_match.cc:58] 4 
I0217 20:52:44.608263 1744282 patch_match.cc:58] 5 
I0217 20:52:44.608266 1744282 patch_match.cc:58] 3 
I0217 20:52:44.608268 1744282 patch_match.cc:58] 9 
I0217 20:52:44.608273 1744282 patch_match.cc:58] 13 
I0217 20:52:44.608275 1744282 patch_match.cc:58] 10 
I0217 20:52:44.608278 1744282 patch_match.cc:58] 14 
I0217 20:52:44.608281 1744282 patch_match.cc:58] 20 
I0217 20:52:44.608284 1744282 patch_match.cc:58] 7 
I0217 20:52:44.608287 1744282 patch_match.cc:58] 19 
I0217 20:52:44.608290 1744282 patch_match.cc:58] 6 
I0217 20:52:44.608292 1744282 patch_match.cc:60] 12
I0217 20:52:44.608296 1744282 misc.cc:51] 
PatchMatchOptions
-----------------
I0217 20:52:44.608299 1744282 patch_match_options.cc:47] max_image_size: -1
I0217 20:52:44.608302 1744282 patch_match_options.cc:48] gpu_index: 0
I0217 20:52:44.608305 1744282 patch_match_options.cc:49] depth_min: 1.44962
I0217 20:52:44.608314 1744282 patch_match_options.cc:50] depth_max: 7.5025
I0217 20:52:44.608317 1744282 patch_match_options.cc:51] window_radius: 5
I0217 20:52:44.608320 1744282 patch_match_options.cc:52] window_step: 1
I0217 20:52:44.608322 1744282 patch_match_options.cc:53] sigma_spatial: 5
I0217 20:52:44.608326 1744282 patch_match_options.cc:54] sigma_color: 0.2
I0217 20:52:44.608330 1744282 patch_match_options.cc:55] num_samples: 15
I0217 20:52:44.608332 1744282 patch_match_options.cc:56] ncc_sigma: 0.6
I0217 20:52:44.608335 1744282 patch_match_options.cc:57] min_triangulation_angle: 1
I0217 20:52:44.608340 1744282 patch_match_options.cc:58] incident_angle_sigma: 0.9
I0217 20:52:44.608343 1744282 patch_match_options.cc:59] num_iterations: 5
I0217 20:52:44.608346 1744282 patch_match_options.cc:60] geom_consistency: 1
I0217 20:52:44.608350 1744282 patch_match_options.cc:61] geom_consistency_regularizer: 0.3
I0217 20:52:44.608352 1744282 patch_match_options.cc:62] geom_consistency_max_cost: 3
I0217 20:52:44.608355 1744282 patch_match_options.cc:63] filter: 1
I0217 20:52:44.608358 1744282 patch_match_options.cc:64] filter_min_ncc: 0.1
I0217 20:52:44.608368 1744282 patch_match_options.cc:65] filter_min_triangulation_angle: 3
I0217 20:52:44.608371 1744282 patch_match_options.cc:66] filter_min_num_consistent: 2
I0217 20:52:44.608373 1744282 patch_match_options.cc:67] filter_geom_consistency_max_cost: 1
I0217 20:52:44.608376 1744282 patch_match_options.cc:68] write_consistency_graph: 0
I0217 20:52:44.608377 1744282 patch_match_options.cc:69] allow_missing_files: 0
I0217 20:52:44.608381 1744282 misc.cc:51] 
PatchMatch::Run
---------------
I0217 20:52:45.650936 1744282 cudacc.cc:51] Initialization: 0.3041s
I0217 20:52:47.057737 1744282 cudacc.cc:51]  Sweep 1: 1.4067s
I0217 20:52:49.025506 1744282 cudacc.cc:51]  Sweep 2: 1.9677s
I0217 20:52:50.444447 1744282 cudacc.cc:51]  Sweep 3: 1.4189s
I0217 20:52:52.405897 1744282 cudacc.cc:51]  Sweep 4: 1.9614s
I0217 20:52:52.405930 1744282 cudacc.cc:51] Iteration 1: 6.7549s
I0217 20:52:53.760686 1744282 cudacc.cc:51]  Sweep 1: 1.3547s
I0217 20:52:55.702960 1744282 cudacc.cc:51]  Sweep 2: 1.9422s
I0217 20:52:57.098696 1744282 cudacc.cc:51]  Sweep 3: 1.3957s
I0217 20:52:59.037351 1744282 cudacc.cc:51]  Sweep 4: 1.9386s
I0217 20:52:59.037413 1744282 cudacc.cc:51] Iteration 2: 6.6314s
I0217 20:53:00.376236 1744282 cudacc.cc:51]  Sweep 1: 1.3388s
I0217 20:53:02.297677 1744282 cudacc.cc:51]  Sweep 2: 1.9214s
I0217 20:53:03.688565 1744282 cudacc.cc:51]  Sweep 3: 1.3908s
I0217 20:53:05.608280 1744282 cudacc.cc:51]  Sweep 4: 1.9197s
I0217 20:53:05.608312 1744282 cudacc.cc:51] Iteration 3: 6.5708s
I0217 20:53:06.923321 1744282 cudacc.cc:51]  Sweep 1: 1.3150s
I0217 20:53:08.822531 1744282 cudacc.cc:51]  Sweep 2: 1.8992s
I0217 20:53:10.193212 1744282 cudacc.cc:51]  Sweep 3: 1.3706s
I0217 20:53:12.088951 1744282 cudacc.cc:51]  Sweep 4: 1.8957s
I0217 20:53:12.088981 1744282 cudacc.cc:51] Iteration 4: 6.4806s
I0217 20:53:13.375192 1744282 cudacc.cc:51]  Sweep 1: 1.2862s
I0217 20:53:15.247511 1744282 cudacc.cc:51]  Sweep 2: 1.8723s
I0217 20:53:16.600273 1744282 cudacc.cc:51]  Sweep 3: 1.3527s
I0217 20:53:18.502874 1744282 cudacc.cc:51]  Sweep 4: 1.9025s
I0217 20:53:18.502905 1744282 cudacc.cc:51] Iteration 5: 6.4138s
I0217 20:53:18.502914 1744282 cudacc.cc:51] Total: 33.1557s
I0217 20:53:18.502919 1744282 patch_match.cc:504] 
Writing geometric output for 10.png
I0217 20:54:33.179965 1744282 misc.cc:44] 
==============================================================================
Processing view 3 / 24 for 1.png
==============================================================================
I0217 20:54:33.180029 1744282 patch_match.cc:461] Reading inputs...
I0217 20:54:34.747772 1744282 misc.cc:51] 
PatchMatch::Problem
-------------------
I0217 20:54:34.747795 1744282 patch_match.cc:54] ref_image_idx: 2
I0217 20:54:34.747799 1744282 patch_match.cc:55] src_image_idxs: 
I0217 20:54:34.747803 1744282 patch_match.cc:58] 11 
I0217 20:54:34.747807 1744282 patch_match.cc:58] 17 
I0217 20:54:34.747809 1744282 patch_match.cc:58] 19 
I0217 20:54:34.747812 1744282 patch_match.cc:58] 6 
I0217 20:54:34.747814 1744282 patch_match.cc:58] 23 
I0217 20:54:34.747817 1744282 patch_match.cc:58] 12 
I0217 20:54:34.747820 1744282 patch_match.cc:58] 13 
I0217 20:54:34.747823 1744282 patch_match.cc:58] 10 
I0217 20:54:34.747826 1744282 patch_match.cc:58] 21 
I0217 20:54:34.747829 1744282 patch_match.cc:58] 18 
I0217 20:54:34.747831 1744282 patch_match.cc:58] 20 
I0217 20:54:34.747834 1744282 patch_match.cc:58] 7 
I0217 20:54:34.747838 1744282 patch_match.cc:58] 4 
I0217 20:54:34.747841 1744282 patch_match.cc:58] 0 
I0217 20:54:34.747843 1744282 patch_match.cc:58] 22 
I0217 20:54:34.747846 1744282 patch_match.cc:58] 9 
I0217 20:54:34.747849 1744282 patch_match.cc:58] 14 
I0217 20:54:34.747852 1744282 patch_match.cc:58] 1 
I0217 20:54:34.747855 1744282 patch_match.cc:58] 16 
I0217 20:54:34.747859 1744282 patch_match.cc:60] 3
I0217 20:54:34.747862 1744282 misc.cc:51] 
PatchMatchOptions
-----------------
I0217 20:54:34.747865 1744282 patch_match_options.cc:47] max_image_size: -1
I0217 20:54:34.747869 1744282 patch_match_options.cc:48] gpu_index: 0
I0217 20:54:34.747879 1744282 patch_match_options.cc:49] depth_min: 1.96907
I0217 20:54:34.747887 1744282 patch_match_options.cc:50] depth_max: 9.30691
I0217 20:54:34.747890 1744282 patch_match_options.cc:51] window_radius: 5
I0217 20:54:34.747892 1744282 patch_match_options.cc:52] window_step: 1
I0217 20:54:34.747895 1744282 patch_match_options.cc:53] sigma_spatial: 5
I0217 20:54:34.747896 1744282 patch_match_options.cc:54] sigma_color: 0.2
I0217 20:54:34.747900 1744282 patch_match_options.cc:55] num_samples: 15
I0217 20:54:34.747901 1744282 patch_match_options.cc:56] ncc_sigma: 0.6
I0217 20:54:34.747903 1744282 patch_match_options.cc:57] min_triangulation_angle: 1
I0217 20:54:34.747906 1744282 patch_match_options.cc:58] incident_angle_sigma: 0.9
I0217 20:54:34.747908 1744282 patch_match_options.cc:59] num_iterations: 5
I0217 20:54:34.747910 1744282 patch_match_options.cc:60] geom_consistency: 1
I0217 20:54:34.747912 1744282 patch_match_options.cc:61] geom_consistency_regularizer: 0.3
I0217 20:54:34.747915 1744282 patch_match_options.cc:62] geom_consistency_max_cost: 3
I0217 20:54:34.747917 1744282 patch_match_options.cc:63] filter: 1
I0217 20:54:34.747920 1744282 patch_match_options.cc:64] filter_min_ncc: 0.1
I0217 20:54:34.747922 1744282 patch_match_options.cc:65] filter_min_triangulation_angle: 3
I0217 20:54:34.747924 1744282 patch_match_options.cc:66] filter_min_num_consistent: 2
I0217 20:54:34.747926 1744282 patch_match_options.cc:67] filter_geom_consistency_max_cost: 1
I0217 20:54:34.747928 1744282 patch_match_options.cc:68] write_consistency_graph: 0
I0217 20:54:34.747931 1744282 patch_match_options.cc:69] allow_missing_files: 0
I0217 20:54:34.747934 1744282 misc.cc:51] 
PatchMatch::Run
---------------
I0217 20:54:35.779628 1744282 cudacc.cc:51] Initialization: 0.3069s
I0217 20:54:37.191831 1744282 cudacc.cc:51]  Sweep 1: 1.4121s
I0217 20:54:39.098028 1744282 cudacc.cc:51]  Sweep 2: 1.9061s
I0217 20:54:40.523908 1744282 cudacc.cc:51]  Sweep 3: 1.4258s
I0217 20:54:42.405992 1744282 cudacc.cc:51]  Sweep 4: 1.8820s
I0217 20:54:42.406028 1744282 cudacc.cc:51] Iteration 1: 6.6263s
I0217 20:54:43.785333 1744282 cudacc.cc:51]  Sweep 1: 1.3793s
I0217 20:54:45.651476 1744282 cudacc.cc:51]  Sweep 2: 1.8661s
I0217 20:54:47.063632 1744282 cudacc.cc:51]  Sweep 3: 1.4121s
I0217 20:54:48.922644 1744282 cudacc.cc:51]  Sweep 4: 1.8590s
I0217 20:54:48.922681 1744282 cudacc.cc:51] Iteration 2: 6.5166s
I0217 20:54:50.296461 1744282 cudacc.cc:51]  Sweep 1: 1.3737s
I0217 20:54:52.140424 1744282 cudacc.cc:51]  Sweep 2: 1.8439s
I0217 20:54:53.537995 1744282 cudacc.cc:51]  Sweep 3: 1.3975s
I0217 20:54:55.379535 1744282 cudacc.cc:51]  Sweep 4: 1.8415s
I0217 20:54:55.379570 1744282 cudacc.cc:51] Iteration 3: 6.4568s
I0217 20:54:56.741493 1744282 cudacc.cc:51]  Sweep 1: 1.3619s
I0217 20:54:58.571419 1744282 cudacc.cc:51]  Sweep 2: 1.8299s
I0217 20:54:59.963742 1744282 cudacc.cc:51]  Sweep 3: 1.3923s
I0217 20:55:01.798223 1744282 cudacc.cc:51]  Sweep 4: 1.8344s
I0217 20:55:01.798254 1744282 cudacc.cc:51] Iteration 4: 6.4186s
I0217 20:55:03.157949 1744282 cudacc.cc:51]  Sweep 1: 1.3597s
I0217 20:55:04.960959 1744282 cudacc.cc:51]  Sweep 2: 1.8030s
I0217 20:55:06.339210 1744282 cudacc.cc:51]  Sweep 3: 1.3782s
I0217 20:55:08.175755 1744282 cudacc.cc:51]  Sweep 4: 1.8365s
I0217 20:55:08.175786 1744282 cudacc.cc:51] Iteration 5: 6.3775s
I0217 20:55:08.175794 1744282 cudacc.cc:51] Total: 32.7027s
I0217 20:55:08.175801 1744282 patch_match.cc:504] 
Writing geometric output for 1.png
I0217 20:55:23.506203 1744282 misc.cc:44] 
==============================================================================
Processing view 4 / 24 for 11.png
==============================================================================
I0217 20:55:23.506242 1744282 patch_match.cc:461] Reading inputs...
I0217 20:55:25.062743 1744282 misc.cc:51] 
PatchMatch::Problem
-------------------
I0217 20:55:25.062772 1744282 patch_match.cc:54] ref_image_idx: 3
I0217 20:55:25.062775 1744282 patch_match.cc:55] src_image_idxs: 
I0217 20:55:25.062778 1744282 patch_match.cc:58] 14 
I0217 20:55:25.062788 1744282 patch_match.cc:58] 2 
I0217 20:55:25.062790 1744282 patch_match.cc:58] 21 
I0217 20:55:25.062793 1744282 patch_match.cc:58] 8 
I0217 20:55:25.062794 1744282 patch_match.cc:58] 18 
I0217 20:55:25.062798 1744282 patch_match.cc:58] 5 
I0217 20:55:25.062799 1744282 patch_match.cc:58] 22 
I0217 20:55:25.062801 1744282 patch_match.cc:58] 11 
I0217 20:55:25.062803 1744282 patch_match.cc:58] 20 
I0217 20:55:25.062805 1744282 patch_match.cc:58] 1 
I0217 20:55:25.062808 1744282 patch_match.cc:58] 12 
I0217 20:55:25.062809 1744282 patch_match.cc:58] 4 
I0217 20:55:25.062811 1744282 patch_match.cc:58] 17 
I0217 20:55:25.062814 1744282 patch_match.cc:58] 16 
I0217 20:55:25.062816 1744282 patch_match.cc:58] 15 
I0217 20:55:25.062817 1744282 patch_match.cc:58] 0 
I0217 20:55:25.062819 1744282 patch_match.cc:58] 13 
I0217 20:55:25.062821 1744282 patch_match.cc:58] 10 
I0217 20:55:25.062824 1744282 patch_match.cc:58] 23 
I0217 20:55:25.062825 1744282 patch_match.cc:60] 9
I0217 20:55:25.062827 1744282 misc.cc:51] 
PatchMatchOptions
-----------------
I0217 20:55:25.062829 1744282 patch_match_options.cc:47] max_image_size: -1
I0217 20:55:25.062832 1744282 patch_match_options.cc:48] gpu_index: 0
I0217 20:55:25.062834 1744282 patch_match_options.cc:49] depth_min: 1.45259
I0217 20:55:25.062841 1744282 patch_match_options.cc:50] depth_max: 8.17387
I0217 20:55:25.062844 1744282 patch_match_options.cc:51] window_radius: 5
I0217 20:55:25.062846 1744282 patch_match_options.cc:52] window_step: 1
I0217 20:55:25.062847 1744282 patch_match_options.cc:53] sigma_spatial: 5
I0217 20:55:25.062850 1744282 patch_match_options.cc:54] sigma_color: 0.2
I0217 20:55:25.062852 1744282 patch_match_options.cc:55] num_samples: 15
I0217 20:55:25.062855 1744282 patch_match_options.cc:56] ncc_sigma: 0.6
I0217 20:55:25.062856 1744282 patch_match_options.cc:57] min_triangulation_angle: 1
I0217 20:55:25.062858 1744282 patch_match_options.cc:58] incident_angle_sigma: 0.9
I0217 20:55:25.062861 1744282 patch_match_options.cc:59] num_iterations: 5
I0217 20:55:25.062862 1744282 patch_match_options.cc:60] geom_consistency: 1
I0217 20:55:25.062865 1744282 patch_match_options.cc:61] geom_consistency_regularizer: 0.3
I0217 20:55:25.062867 1744282 patch_match_options.cc:62] geom_consistency_max_cost: 3
I0217 20:55:25.062870 1744282 patch_match_options.cc:63] filter: 1
I0217 20:55:25.062871 1744282 patch_match_options.cc:64] filter_min_ncc: 0.1
I0217 20:55:25.062873 1744282 patch_match_options.cc:65] filter_min_triangulation_angle: 3
I0217 20:55:25.062875 1744282 patch_match_options.cc:66] filter_min_num_consistent: 2
I0217 20:55:25.062877 1744282 patch_match_options.cc:67] filter_geom_consistency_max_cost: 1
I0217 20:55:25.062880 1744282 patch_match_options.cc:68] write_consistency_graph: 0
I0217 20:55:25.062882 1744282 patch_match_options.cc:69] allow_missing_files: 0
I0217 20:55:25.062885 1744282 misc.cc:51] 
PatchMatch::Run
---------------
I0217 20:55:26.077320 1744282 cudacc.cc:51] Initialization: 0.2906s
I0217 20:55:27.449494 1744282 cudacc.cc:51]  Sweep 1: 1.3721s
I0217 20:55:29.385702 1744282 cudacc.cc:51]  Sweep 2: 1.9361s
I0217 20:55:30.794909 1744282 cudacc.cc:51]  Sweep 3: 1.4091s
I0217 20:55:32.717983 1744282 cudacc.cc:51]  Sweep 4: 1.9230s
I0217 20:55:32.718015 1744282 cudacc.cc:51] Iteration 1: 6.6406s
I0217 20:55:34.059840 1744282 cudacc.cc:51]  Sweep 1: 1.3418s
I0217 20:55:35.964359 1744282 cudacc.cc:51]  Sweep 2: 1.9045s
I0217 20:55:37.336084 1744282 cudacc.cc:51]  Sweep 3: 1.3717s
I0217 20:55:39.237545 1744282 cudacc.cc:51]  Sweep 4: 1.9014s
I0217 20:55:39.237577 1744282 cudacc.cc:51] Iteration 2: 6.5195s
I0217 20:55:40.558871 1744282 cudacc.cc:51]  Sweep 1: 1.3213s
I0217 20:55:42.442974 1744282 cudacc.cc:51]  Sweep 2: 1.8840s
I0217 20:55:43.772600 1744282 cudacc.cc:51]  Sweep 3: 1.3296s
I0217 20:55:45.657538 1744282 cudacc.cc:51]  Sweep 4: 1.8849s
I0217 20:55:45.657569 1744282 cudacc.cc:51] Iteration 3: 6.4199s
I0217 20:55:46.966995 1744282 cudacc.cc:51]  Sweep 1: 1.3094s
I0217 20:55:48.831692 1744282 cudacc.cc:51]  Sweep 2: 1.8646s
I0217 20:55:50.151636 1744282 cudacc.cc:51]  Sweep 3: 1.3199s
I0217 20:55:52.015251 1744282 cudacc.cc:51]  Sweep 4: 1.8636s
I0217 20:55:52.015286 1744282 cudacc.cc:51] Iteration 4: 6.3576s
I0217 20:55:53.304765 1744282 cudacc.cc:51]  Sweep 1: 1.2894s
I0217 20:55:55.140949 1744282 cudacc.cc:51]  Sweep 2: 1.8361s
I0217 20:55:56.427152 1744282 cudacc.cc:51]  Sweep 3: 1.2862s
I0217 20:55:58.298076 1744282 cudacc.cc:51]  Sweep 4: 1.8709s
I0217 20:55:58.298108 1744282 cudacc.cc:51] Iteration 5: 6.2827s
I0217 20:55:58.298117 1744282 cudacc.cc:51] Total: 32.5110s
I0217 20:55:58.298121 1744282 patch_match.cc:504] 
Writing geometric output for 11.png
I0217 20:57:09.149400 1744282 misc.cc:44] 
==============================================================================
Processing view 5 / 24 for 13.png
==============================================================================
I0217 20:57:09.149439 1744282 patch_match.cc:461] Reading inputs...
I0217 20:57:10.683171 1744282 misc.cc:51] 
PatchMatch::Problem
-------------------
I0217 20:57:10.683195 1744282 patch_match.cc:54] ref_image_idx: 4
I0217 20:57:10.683198 1744282 patch_match.cc:55] src_image_idxs: 
I0217 20:57:10.683202 1744282 patch_match.cc:58] 22 
I0217 20:57:10.683204 1744282 patch_match.cc:58] 10 
I0217 20:57:10.683207 1744282 patch_match.cc:58] 12 
I0217 20:57:10.683209 1744282 patch_match.cc:58] 16 
I0217 20:57:10.683212 1744282 patch_match.cc:58] 15 
I0217 20:57:10.683214 1744282 patch_match.cc:58] 1 
I0217 20:57:10.683218 1744282 patch_match.cc:58] 18 
I0217 20:57:10.683220 1744282 patch_match.cc:58] 17 
I0217 20:57:10.683223 1744282 patch_match.cc:58] 9 
I0217 20:57:10.683225 1744282 patch_match.cc:58] 3 
I0217 20:57:10.683228 1744282 patch_match.cc:58] 6 
I0217 20:57:10.683230 1744282 patch_match.cc:58] 19 
I0217 20:57:10.683233 1744282 patch_match.cc:58] 14 
I0217 20:57:10.683238 1744282 patch_match.cc:58] 5 
I0217 20:57:10.683239 1744282 patch_match.cc:58] 2 
I0217 20:57:10.683243 1744282 patch_match.cc:58] 7 
I0217 20:57:10.683245 1744282 patch_match.cc:58] 20 
I0217 20:57:10.683247 1744282 patch_match.cc:58] 11 
I0217 20:57:10.683250 1744282 patch_match.cc:58] 21 
I0217 20:57:10.683252 1744282 patch_match.cc:60] 8
I0217 20:57:10.683256 1744282 misc.cc:51] 
PatchMatchOptions
-----------------
I0217 20:57:10.683259 1744282 patch_match_options.cc:47] max_image_size: -1
I0217 20:57:10.683261 1744282 patch_match_options.cc:48] gpu_index: 0
I0217 20:57:10.683264 1744282 patch_match_options.cc:49] depth_min: 1.8713
I0217 20:57:10.683272 1744282 patch_match_options.cc:50] depth_max: 9.79405
I0217 20:57:10.683276 1744282 patch_match_options.cc:51] window_radius: 5
I0217 20:57:10.683279 1744282 patch_match_options.cc:52] window_step: 1
I0217 20:57:10.683281 1744282 patch_match_options.cc:53] sigma_spatial: 5
I0217 20:57:10.683284 1744282 patch_match_options.cc:54] sigma_color: 0.2
I0217 20:57:10.683287 1744282 patch_match_options.cc:55] num_samples: 15
I0217 20:57:10.683290 1744282 patch_match_options.cc:56] ncc_sigma: 0.6
I0217 20:57:10.683293 1744282 patch_match_options.cc:57] min_triangulation_angle: 1
I0217 20:57:10.683296 1744282 patch_match_options.cc:58] incident_angle_sigma: 0.9
I0217 20:57:10.683300 1744282 patch_match_options.cc:59] num_iterations: 5
I0217 20:57:10.683301 1744282 patch_match_options.cc:60] geom_consistency: 1
I0217 20:57:10.683305 1744282 patch_match_options.cc:61] geom_consistency_regularizer: 0.3
I0217 20:57:10.683308 1744282 patch_match_options.cc:62] geom_consistency_max_cost: 3
I0217 20:57:10.683310 1744282 patch_match_options.cc:63] filter: 1
I0217 20:57:10.683313 1744282 patch_match_options.cc:64] filter_min_ncc: 0.1
I0217 20:57:10.683316 1744282 patch_match_options.cc:65] filter_min_triangulation_angle: 3
I0217 20:57:10.683319 1744282 patch_match_options.cc:66] filter_min_num_consistent: 2
I0217 20:57:10.683322 1744282 patch_match_options.cc:67] filter_geom_consistency_max_cost: 1
I0217 20:57:10.683324 1744282 patch_match_options.cc:68] write_consistency_graph: 0
I0217 20:57:10.683327 1744282 patch_match_options.cc:69] allow_missing_files: 0
I0217 20:57:10.683337 1744282 misc.cc:51] 
PatchMatch::Run
---------------
I0217 20:57:11.715126 1744282 cudacc.cc:51] Initialization: 0.3191s
I0217 20:57:13.116622 1744282 cudacc.cc:51]  Sweep 1: 1.4014s
I0217 20:57:15.044427 1744282 cudacc.cc:51]  Sweep 2: 1.9277s
I0217 20:57:16.460158 1744282 cudacc.cc:51]  Sweep 3: 1.4157s
I0217 20:57:18.352795 1744282 cudacc.cc:51]  Sweep 4: 1.8926s
I0217 20:57:18.352873 1744282 cudacc.cc:51] Iteration 1: 6.6376s
I0217 20:57:19.726213 1744282 cudacc.cc:51]  Sweep 1: 1.3733s
I0217 20:57:21.623543 1744282 cudacc.cc:51]  Sweep 2: 1.8973s
I0217 20:57:23.022958 1744282 cudacc.cc:51]  Sweep 3: 1.3994s
I0217 20:57:24.888234 1744282 cudacc.cc:51]  Sweep 4: 1.8652s
I0217 20:57:24.888267 1744282 cudacc.cc:51] Iteration 2: 6.5353s
I0217 20:57:26.241021 1744282 cudacc.cc:51]  Sweep 1: 1.3527s
I0217 20:57:28.107482 1744282 cudacc.cc:51]  Sweep 2: 1.8664s
I0217 20:57:29.494632 1744282 cudacc.cc:51]  Sweep 3: 1.3871s
I0217 20:57:31.335824 1744282 cudacc.cc:51]  Sweep 4: 1.8411s
I0217 20:57:31.335860 1744282 cudacc.cc:51] Iteration 3: 6.4475s
I0217 20:57:32.675555 1744282 cudacc.cc:51]  Sweep 1: 1.3397s
I0217 20:57:34.532545 1744282 cudacc.cc:51]  Sweep 2: 1.8569s
I0217 20:57:35.916023 1744282 cudacc.cc:51]  Sweep 3: 1.3834s
I0217 20:57:37.737272 1744282 cudacc.cc:51]  Sweep 4: 1.8212s
I0217 20:57:37.737304 1744282 cudacc.cc:51] Iteration 4: 6.4014s
I0217 20:57:39.062584 1744282 cudacc.cc:51]  Sweep 1: 1.3252s
I0217 20:57:40.888751 1744282 cudacc.cc:51]  Sweep 2: 1.8261s
I0217 20:57:42.254616 1744282 cudacc.cc:51]  Sweep 3: 1.3658s
I0217 20:57:44.084527 1744282 cudacc.cc:51]  Sweep 4: 1.8299s
I0217 20:57:44.084585 1744282 cudacc.cc:51] Iteration 5: 6.3472s
I0217 20:57:44.084595 1744282 cudacc.cc:51] Total: 32.6883s
I0217 20:57:44.084601 1744282 patch_match.cc:504] 
Writing geometric output for 13.png
I0217 20:59:00.724576 1744282 misc.cc:44] 
==============================================================================
Processing view 6 / 24 for 12.png
==============================================================================
I0217 20:59:00.724617 1744282 patch_match.cc:461] Reading inputs...
I0217 20:59:02.173084 1744282 misc.cc:51] 
PatchMatch::Problem
-------------------
I0217 20:59:02.173110 1744282 patch_match.cc:54] ref_image_idx: 5
I0217 20:59:02.173113 1744282 patch_match.cc:55] src_image_idxs: 
I0217 20:59:02.173116 1744282 patch_match.cc:58] 11 
I0217 20:59:02.173120 1744282 patch_match.cc:58] 9 
I0217 20:59:02.173121 1744282 patch_match.cc:58] 4 
I0217 20:59:02.173125 1744282 patch_match.cc:58] 17 
I0217 20:59:02.173127 1744282 patch_match.cc:58] 15 
I0217 20:59:02.173130 1744282 patch_match.cc:58] 18 
I0217 20:59:02.173132 1744282 patch_match.cc:58] 20 
I0217 20:59:02.173135 1744282 patch_match.cc:58] 7 
I0217 20:59:02.173137 1744282 patch_match.cc:58] 1 
I0217 20:59:02.173141 1744282 patch_match.cc:58] 14 
I0217 20:59:02.173143 1744282 patch_match.cc:58] 2 
I0217 20:59:02.173146 1744282 patch_match.cc:58] 22 
I0217 20:59:02.173149 1744282 patch_match.cc:58] 10 
I0217 20:59:02.173151 1744282 patch_match.cc:58] 23 
I0217 20:59:02.173154 1744282 patch_match.cc:58] 8 
I0217 20:59:02.173157 1744282 patch_match.cc:58] 21 
I0217 20:59:02.173159 1744282 patch_match.cc:58] 3 
I0217 20:59:02.173162 1744282 patch_match.cc:58] 0 
I0217 20:59:02.173166 1744282 patch_match.cc:60] 13
I0217 20:59:02.173168 1744282 misc.cc:51] 
PatchMatchOptions
-----------------
I0217 20:59:02.173171 1744282 patch_match_options.cc:47] max_image_size: -1
I0217 20:59:02.173174 1744282 patch_match_options.cc:48] gpu_index: 0
I0217 20:59:02.173177 1744282 patch_match_options.cc:49] depth_min: 1.34275
I0217 20:59:02.173184 1744282 patch_match_options.cc:50] depth_max: 9.21772
I0217 20:59:02.173188 1744282 patch_match_options.cc:51] window_radius: 5
I0217 20:59:02.173190 1744282 patch_match_options.cc:52] window_step: 1
I0217 20:59:02.173193 1744282 patch_match_options.cc:53] sigma_spatial: 5
I0217 20:59:02.173197 1744282 patch_match_options.cc:54] sigma_color: 0.2
I0217 20:59:02.173199 1744282 patch_match_options.cc:55] num_samples: 15
I0217 20:59:02.173209 1744282 patch_match_options.cc:56] ncc_sigma: 0.6
I0217 20:59:02.173211 1744282 patch_match_options.cc:57] min_triangulation_angle: 1
I0217 20:59:02.173214 1744282 patch_match_options.cc:58] incident_angle_sigma: 0.9
I0217 20:59:02.173216 1744282 patch_match_options.cc:59] num_iterations: 5
I0217 20:59:02.173218 1744282 patch_match_options.cc:60] geom_consistency: 1
I0217 20:59:02.173220 1744282 patch_match_options.cc:61] geom_consistency_regularizer: 0.3
I0217 20:59:02.173223 1744282 patch_match_options.cc:62] geom_consistency_max_cost: 3
I0217 20:59:02.173224 1744282 patch_match_options.cc:63] filter: 1
I0217 20:59:02.173226 1744282 patch_match_options.cc:64] filter_min_ncc: 0.1
I0217 20:59:02.173229 1744282 patch_match_options.cc:65] filter_min_triangulation_angle: 3
I0217 20:59:02.173231 1744282 patch_match_options.cc:66] filter_min_num_consistent: 2
I0217 20:59:02.173233 1744282 patch_match_options.cc:67] filter_geom_consistency_max_cost: 1
I0217 20:59:02.173235 1744282 patch_match_options.cc:68] write_consistency_graph: 0
I0217 20:59:02.173238 1744282 patch_match_options.cc:69] allow_missing_files: 0
I0217 20:59:02.173239 1744282 misc.cc:51] 
PatchMatch::Run
---------------
I0217 20:59:03.153815 1744282 cudacc.cc:51] Initialization: 0.2939s
I0217 20:59:04.507073 1744282 cudacc.cc:51]  Sweep 1: 1.3532s
I0217 20:59:06.437501 1744282 cudacc.cc:51]  Sweep 2: 1.9304s
I0217 20:59:07.821430 1744282 cudacc.cc:51]  Sweep 3: 1.3839s
I0217 20:59:09.644913 1744282 cudacc.cc:51]  Sweep 4: 1.8234s
I0217 20:59:09.644951 1744282 cudacc.cc:51] Iteration 1: 6.4910s
I0217 20:59:10.956513 1744282 cudacc.cc:51]  Sweep 1: 1.3115s
I0217 20:59:12.866158 1744282 cudacc.cc:51]  Sweep 2: 1.9096s
I0217 20:59:14.235886 1744282 cudacc.cc:51]  Sweep 3: 1.3697s
I0217 20:59:16.046197 1744282 cudacc.cc:51]  Sweep 4: 1.8103s
I0217 20:59:16.046227 1744282 cudacc.cc:51] Iteration 2: 6.4012s
I0217 20:59:17.333582 1744282 cudacc.cc:51]  Sweep 1: 1.2873s
I0217 20:59:19.212769 1744282 cudacc.cc:51]  Sweep 2: 1.8791s
I0217 20:59:20.571127 1744282 cudacc.cc:51]  Sweep 3: 1.3583s
I0217 20:59:22.370594 1744282 cudacc.cc:51]  Sweep 4: 1.7994s
I0217 20:59:22.370630 1744282 cudacc.cc:51] Iteration 3: 6.3243s
I0217 20:59:23.633877 1744282 cudacc.cc:51]  Sweep 1: 1.2632s
I0217 20:59:25.494938 1744282 cudacc.cc:51]  Sweep 2: 1.8610s
I0217 20:59:26.832984 1744282 cudacc.cc:51]  Sweep 3: 1.3380s
I0217 20:59:28.622999 1744282 cudacc.cc:51]  Sweep 4: 1.7899s
I0217 20:59:28.623031 1744282 cudacc.cc:51] Iteration 4: 6.2523s
I0217 20:59:29.869293 1744282 cudacc.cc:51]  Sweep 1: 1.2462s
I0217 20:59:31.701170 1744282 cudacc.cc:51]  Sweep 2: 1.8318s
I0217 20:59:33.020439 1744282 cudacc.cc:51]  Sweep 3: 1.3192s
I0217 20:59:34.842659 1744282 cudacc.cc:51]  Sweep 4: 1.8222s
I0217 20:59:34.842691 1744282 cudacc.cc:51] Iteration 5: 6.2196s
I0217 20:59:34.842701 1744282 cudacc.cc:51] Total: 31.9825s
I0217 20:59:34.842706 1744282 patch_match.cc:504] 
Writing geometric output for 12.png
I0217 21:00:57.442278 1744282 misc.cc:44] 
==============================================================================
Processing view 7 / 24 for 16.png
==============================================================================
I0217 21:00:57.442320 1744282 patch_match.cc:461] Reading inputs...
I0217 21:00:58.509064 1744282 misc.cc:51] 
PatchMatch::Problem
-------------------
I0217 21:00:58.509089 1744282 patch_match.cc:54] ref_image_idx: 6
I0217 21:00:58.509092 1744282 patch_match.cc:55] src_image_idxs: 
I0217 21:00:58.509095 1744282 patch_match.cc:58] 4 
I0217 21:00:58.509097 1744282 patch_match.cc:58] 23 
I0217 21:00:58.509100 1744282 patch_match.cc:58] 3 
I0217 21:00:58.509102 1744282 patch_match.cc:58] 16 
I0217 21:00:58.509105 1744282 patch_match.cc:58] 11 
I0217 21:00:58.509107 1744282 patch_match.cc:58] 12 
I0217 21:00:58.509109 1744282 patch_match.cc:58] 14 
I0217 21:00:58.509112 1744282 patch_match.cc:58] 1 
I0217 21:00:58.509114 1744282 patch_match.cc:58] 22 
I0217 21:00:58.509117 1744282 patch_match.cc:58] 9 
I0217 21:00:58.509119 1744282 patch_match.cc:58] 2 
I0217 21:00:58.509128 1744282 patch_match.cc:58] 19 
I0217 21:00:58.509130 1744282 patch_match.cc:58] 13 
I0217 21:00:58.509132 1744282 patch_match.cc:58] 20 
I0217 21:00:58.509133 1744282 patch_match.cc:60] 7
I0217 21:00:58.509136 1744282 misc.cc:51] 
PatchMatchOptions
-----------------
I0217 21:00:58.509138 1744282 patch_match_options.cc:47] max_image_size: -1
I0217 21:00:58.509140 1744282 patch_match_options.cc:48] gpu_index: 0
I0217 21:00:58.509141 1744282 patch_match_options.cc:49] depth_min: 0.807193
I0217 21:00:58.509148 1744282 patch_match_options.cc:50] depth_max: 16.1716
I0217 21:00:58.509151 1744282 patch_match_options.cc:51] window_radius: 5
I0217 21:00:58.509152 1744282 patch_match_options.cc:52] window_step: 1
I0217 21:00:58.509155 1744282 patch_match_options.cc:53] sigma_spatial: 5
I0217 21:00:58.509156 1744282 patch_match_options.cc:54] sigma_color: 0.2
I0217 21:00:58.509158 1744282 patch_match_options.cc:55] num_samples: 15
I0217 21:00:58.509160 1744282 patch_match_options.cc:56] ncc_sigma: 0.6
I0217 21:00:58.509162 1744282 patch_match_options.cc:57] min_triangulation_angle: 1
I0217 21:00:58.509164 1744282 patch_match_options.cc:58] incident_angle_sigma: 0.9
I0217 21:00:58.509166 1744282 patch_match_options.cc:59] num_iterations: 5
I0217 21:00:58.509168 1744282 patch_match_options.cc:60] geom_consistency: 1
I0217 21:00:58.509171 1744282 patch_match_options.cc:61] geom_consistency_regularizer: 0.3
I0217 21:00:58.509172 1744282 patch_match_options.cc:62] geom_consistency_max_cost: 3
I0217 21:00:58.509174 1744282 patch_match_options.cc:63] filter: 1
I0217 21:00:58.509176 1744282 patch_match_options.cc:64] filter_min_ncc: 0.1
I0217 21:00:58.509178 1744282 patch_match_options.cc:65] filter_min_triangulation_angle: 3
I0217 21:00:58.509181 1744282 patch_match_options.cc:66] filter_min_num_consistent: 2
I0217 21:00:58.509181 1744282 patch_match_options.cc:67] filter_geom_consistency_max_cost: 1
I0217 21:00:58.509183 1744282 patch_match_options.cc:68] write_consistency_graph: 0
I0217 21:00:58.509186 1744282 patch_match_options.cc:69] allow_missing_files: 0
I0217 21:00:58.509187 1744282 misc.cc:51] 
PatchMatch::Run
---------------
I0217 21:00:59.266463 1744282 cudacc.cc:51] Initialization: 0.2359s
I0217 21:01:00.629863 1744282 cudacc.cc:51]  Sweep 1: 1.3633s
I0217 21:01:02.446271 1744282 cudacc.cc:51]  Sweep 2: 1.8163s
I0217 21:01:03.772248 1744282 cudacc.cc:51]  Sweep 3: 1.3259s
I0217 21:01:05.576733 1744282 cudacc.cc:51]  Sweep 4: 1.8044s
I0217 21:01:05.576768 1744282 cudacc.cc:51] Iteration 1: 6.3102s
I0217 21:01:06.907460 1744282 cudacc.cc:51]  Sweep 1: 1.3307s
I0217 21:01:08.701285 1744282 cudacc.cc:51]  Sweep 2: 1.7938s
I0217 21:01:10.014612 1744282 cudacc.cc:51]  Sweep 3: 1.3133s
I0217 21:01:11.800947 1744282 cudacc.cc:51]  Sweep 4: 1.7863s
I0217 21:01:11.801017 1744282 cudacc.cc:51] Iteration 2: 6.2242s
I0217 21:01:13.124755 1744282 cudacc.cc:51]  Sweep 1: 1.3237s
I0217 21:01:14.904497 1744282 cudacc.cc:51]  Sweep 2: 1.7797s
I0217 21:01:16.208356 1744282 cudacc.cc:51]  Sweep 3: 1.3038s
I0217 21:01:17.969969 1744282 cudacc.cc:51]  Sweep 4: 1.7616s
I0217 21:01:17.970006 1744282 cudacc.cc:51] Iteration 3: 6.1689s
I0217 21:01:19.284222 1744282 cudacc.cc:51]  Sweep 1: 1.3142s
I0217 21:01:21.048693 1744282 cudacc.cc:51]  Sweep 2: 1.7644s
I0217 21:01:22.334631 1744282 cudacc.cc:51]  Sweep 3: 1.2859s
I0217 21:01:24.069510 1744282 cudacc.cc:51]  Sweep 4: 1.7348s
I0217 21:01:24.069545 1744282 cudacc.cc:51] Iteration 4: 6.0995s
I0217 21:01:25.374742 1744282 cudacc.cc:51]  Sweep 1: 1.3052s
I0217 21:01:27.117453 1744282 cudacc.cc:51]  Sweep 2: 1.7427s
I0217 21:01:28.393425 1744282 cudacc.cc:51]  Sweep 3: 1.2759s
I0217 21:01:30.129490 1744282 cudacc.cc:51]  Sweep 4: 1.7360s
I0217 21:01:30.129521 1744282 cudacc.cc:51] Iteration 5: 6.0599s
I0217 21:01:30.129530 1744282 cudacc.cc:51] Total: 31.0987s
I0217 21:01:30.129535 1744282 patch_match.cc:504] 
Writing geometric output for 16.png
I0217 21:02:48.623107 1744282 misc.cc:44] 
==============================================================================
Processing view 8 / 24 for 15.png
==============================================================================
I0217 21:02:48.623154 1744282 patch_match.cc:461] Reading inputs...
I0217 21:02:49.999254 1744282 misc.cc:51] 
PatchMatch::Problem
-------------------
I0217 21:02:49.999277 1744282 patch_match.cc:54] ref_image_idx: 7
I0217 21:02:49.999280 1744282 patch_match.cc:55] src_image_idxs: 
I0217 21:02:49.999282 1744282 patch_match.cc:58] 10 
I0217 21:02:49.999284 1744282 patch_match.cc:58] 12 
I0217 21:02:49.999286 1744282 patch_match.cc:58] 16 
I0217 21:02:49.999287 1744282 patch_match.cc:58] 2 
I0217 21:02:49.999289 1744282 patch_match.cc:58] 15 
I0217 21:02:49.999291 1744282 patch_match.cc:58] 3 
I0217 21:02:49.999293 1744282 patch_match.cc:58] 5 
I0217 21:02:49.999295 1744282 patch_match.cc:58] 18 
I0217 21:02:49.999297 1744282 patch_match.cc:58] 6 
I0217 21:02:49.999300 1744282 patch_match.cc:58] 19 
I0217 21:02:49.999301 1744282 patch_match.cc:58] 14 
I0217 21:02:49.999302 1744282 patch_match.cc:58] 1 
I0217 21:02:49.999305 1744282 patch_match.cc:58] 22 
I0217 21:02:49.999306 1744282 patch_match.cc:58] 4 
I0217 21:02:49.999308 1744282 patch_match.cc:58] 11 
I0217 21:02:49.999310 1744282 patch_match.cc:58] 21 
I0217 21:02:49.999312 1744282 patch_match.cc:58] 8 
I0217 21:02:49.999315 1744282 patch_match.cc:60] 20
I0217 21:02:49.999316 1744282 misc.cc:51] 
PatchMatchOptions
-----------------
I0217 21:02:49.999318 1744282 patch_match_options.cc:47] max_image_size: -1
I0217 21:02:49.999321 1744282 patch_match_options.cc:48] gpu_index: 0
I0217 21:02:49.999323 1744282 patch_match_options.cc:49] depth_min: 2.11703
I0217 21:02:49.999329 1744282 patch_match_options.cc:50] depth_max: 9.97921
I0217 21:02:49.999332 1744282 patch_match_options.cc:51] window_radius: 5
I0217 21:02:49.999334 1744282 patch_match_options.cc:52] window_step: 1
I0217 21:02:49.999336 1744282 patch_match_options.cc:53] sigma_spatial: 5
I0217 21:02:49.999339 1744282 patch_match_options.cc:54] sigma_color: 0.2
I0217 21:02:49.999341 1744282 patch_match_options.cc:55] num_samples: 15
I0217 21:02:49.999343 1744282 patch_match_options.cc:56] ncc_sigma: 0.6
I0217 21:02:49.999346 1744282 patch_match_options.cc:57] min_triangulation_angle: 1
I0217 21:02:49.999347 1744282 patch_match_options.cc:58] incident_angle_sigma: 0.9
I0217 21:02:49.999349 1744282 patch_match_options.cc:59] num_iterations: 5
I0217 21:02:49.999351 1744282 patch_match_options.cc:60] geom_consistency: 1
I0217 21:02:49.999353 1744282 patch_match_options.cc:61] geom_consistency_regularizer: 0.3
I0217 21:02:49.999356 1744282 patch_match_options.cc:62] geom_consistency_max_cost: 3
I0217 21:02:49.999358 1744282 patch_match_options.cc:63] filter: 1
I0217 21:02:49.999361 1744282 patch_match_options.cc:64] filter_min_ncc: 0.1
I0217 21:02:49.999362 1744282 patch_match_options.cc:65] filter_min_triangulation_angle: 3
I0217 21:02:49.999364 1744282 patch_match_options.cc:66] filter_min_num_consistent: 2
I0217 21:02:49.999366 1744282 patch_match_options.cc:67] filter_geom_consistency_max_cost: 1
I0217 21:02:49.999368 1744282 patch_match_options.cc:68] write_consistency_graph: 0
I0217 21:02:49.999370 1744282 patch_match_options.cc:69] allow_missing_files: 0
I0217 21:02:49.999373 1744282 misc.cc:51] 
PatchMatch::Run
---------------
I0217 21:02:50.913369 1744282 cudacc.cc:51] Initialization: 0.2668s
I0217 21:02:52.285367 1744282 cudacc.cc:51]  Sweep 1: 1.3719s
I0217 21:02:54.181587 1744282 cudacc.cc:51]  Sweep 2: 1.8962s
I0217 21:02:55.504444 1744282 cudacc.cc:51]  Sweep 3: 1.3228s
I0217 21:02:57.362674 1744282 cudacc.cc:51]  Sweep 4: 1.8582s
I0217 21:02:57.362709 1744282 cudacc.cc:51] Iteration 1: 6.4492s
I0217 21:02:58.707036 1744282 cudacc.cc:51]  Sweep 1: 1.3443s
I0217 21:03:00.578466 1744282 cudacc.cc:51]  Sweep 2: 1.8714s
I0217 21:03:01.892940 1744282 cudacc.cc:51]  Sweep 3: 1.3144s
I0217 21:03:03.732303 1744282 cudacc.cc:51]  Sweep 4: 1.8393s
I0217 21:03:03.732334 1744282 cudacc.cc:51] Iteration 2: 6.3695s
I0217 21:03:05.069896 1744282 cudacc.cc:51]  Sweep 1: 1.3375s
I0217 21:03:06.911701 1744282 cudacc.cc:51]  Sweep 2: 1.8417s
I0217 21:03:08.213079 1744282 cudacc.cc:51]  Sweep 3: 1.3013s
I0217 21:03:10.020227 1744282 cudacc.cc:51]  Sweep 4: 1.8071s
I0217 21:03:10.020268 1744282 cudacc.cc:51] Iteration 3: 6.2879s
I0217 21:03:11.345602 1744282 cudacc.cc:51]  Sweep 1: 1.3253s
I0217 21:03:13.155088 1744282 cudacc.cc:51]  Sweep 2: 1.8094s
I0217 21:03:14.445233 1744282 cudacc.cc:51]  Sweep 3: 1.2901s
I0217 21:03:16.235061 1744282 cudacc.cc:51]  Sweep 4: 1.7898s
I0217 21:03:16.235095 1744282 cudacc.cc:51] Iteration 4: 6.2147s
I0217 21:03:17.555801 1744282 cudacc.cc:51]  Sweep 1: 1.3207s
I0217 21:03:19.346788 1744282 cudacc.cc:51]  Sweep 2: 1.7909s
I0217 21:03:20.627255 1744282 cudacc.cc:51]  Sweep 3: 1.2804s
I0217 21:03:22.422551 1744282 cudacc.cc:51]  Sweep 4: 1.7952s
I0217 21:03:22.422580 1744282 cudacc.cc:51] Iteration 5: 6.1874s
I0217 21:03:22.422590 1744282 cudacc.cc:51] Total: 31.7757s
I0217 21:03:22.422595 1744282 patch_match.cc:504] 
Writing geometric output for 15.png
I0217 21:03:38.254004 1744282 misc.cc:44] 
==============================================================================
Processing view 9 / 24 for 18.png
==============================================================================
I0217 21:03:38.254045 1744282 patch_match.cc:461] Reading inputs...
I0217 21:03:39.681154 1744282 misc.cc:51] 
PatchMatch::Problem
-------------------
I0217 21:03:39.681180 1744282 patch_match.cc:54] ref_image_idx: 8
I0217 21:03:39.681185 1744282 patch_match.cc:55] src_image_idxs: 
I0217 21:03:39.681187 1744282 patch_match.cc:58] 7 
I0217 21:03:39.681190 1744282 patch_match.cc:58] 9 
I0217 21:03:39.681192 1744282 patch_match.cc:58] 21 
I0217 21:03:39.681195 1744282 patch_match.cc:58] 15 
I0217 21:03:39.681197 1744282 patch_match.cc:58] 4 
I0217 21:03:39.681200 1744282 patch_match.cc:58] 17 
I0217 21:03:39.681202 1744282 patch_match.cc:58] 16 
I0217 21:03:39.681205 1744282 patch_match.cc:58] 3 
I0217 21:03:39.681208 1744282 patch_match.cc:58] 20 
I0217 21:03:39.681210 1744282 patch_match.cc:58] 1 
I0217 21:03:39.681213 1744282 patch_match.cc:58] 2 
I0217 21:03:39.681216 1744282 patch_match.cc:58] 22 
I0217 21:03:39.681218 1744282 patch_match.cc:58] 11 
I0217 21:03:39.681221 1744282 patch_match.cc:58] 10 
I0217 21:03:39.681223 1744282 patch_match.cc:58] 23 
I0217 21:03:39.681226 1744282 patch_match.cc:58] 5 
I0217 21:03:39.681229 1744282 patch_match.cc:58] 18 
I0217 21:03:39.681231 1744282 patch_match.cc:58] 0 
I0217 21:03:39.681234 1744282 patch_match.cc:60] 13
I0217 21:03:39.681237 1744282 misc.cc:51] 
PatchMatchOptions
-----------------
I0217 21:03:39.681241 1744282 patch_match_options.cc:47] max_image_size: -1
I0217 21:03:39.681243 1744282 patch_match_options.cc:48] gpu_index: 0
I0217 21:03:39.681246 1744282 patch_match_options.cc:49] depth_min: 1.99818
I0217 21:03:39.681254 1744282 patch_match_options.cc:50] depth_max: 10.8778
I0217 21:03:39.681257 1744282 patch_match_options.cc:51] window_radius: 5
I0217 21:03:39.681260 1744282 patch_match_options.cc:52] window_step: 1
I0217 21:03:39.681262 1744282 patch_match_options.cc:53] sigma_spatial: 5
I0217 21:03:39.681265 1744282 patch_match_options.cc:54] sigma_color: 0.2
I0217 21:03:39.681269 1744282 patch_match_options.cc:55] num_samples: 15
I0217 21:03:39.681272 1744282 patch_match_options.cc:56] ncc_sigma: 0.6
I0217 21:03:39.681274 1744282 patch_match_options.cc:57] min_triangulation_angle: 1
I0217 21:03:39.681277 1744282 patch_match_options.cc:58] incident_angle_sigma: 0.9
I0217 21:03:39.681280 1744282 patch_match_options.cc:59] num_iterations: 5
I0217 21:03:39.681283 1744282 patch_match_options.cc:60] geom_consistency: 1
I0217 21:03:39.681286 1744282 patch_match_options.cc:61] geom_consistency_regularizer: 0.3
I0217 21:03:39.681288 1744282 patch_match_options.cc:62] geom_consistency_max_cost: 3
I0217 21:03:39.681291 1744282 patch_match_options.cc:63] filter: 1
I0217 21:03:39.681294 1744282 patch_match_options.cc:64] filter_min_ncc: 0.1
I0217 21:03:39.681298 1744282 patch_match_options.cc:65] filter_min_triangulation_angle: 3
I0217 21:03:39.681300 1744282 patch_match_options.cc:66] filter_min_num_consistent: 2
I0217 21:03:39.681309 1744282 patch_match_options.cc:67] filter_geom_consistency_max_cost: 1
I0217 21:03:39.681311 1744282 patch_match_options.cc:68] write_consistency_graph: 0
I0217 21:03:39.681313 1744282 patch_match_options.cc:69] allow_missing_files: 0
I0217 21:03:39.681316 1744282 misc.cc:51] 
PatchMatch::Run
---------------
I0217 21:03:40.664017 1744282 cudacc.cc:51] Initialization: 0.3087s
I0217 21:03:42.171638 1744282 cudacc.cc:51]  Sweep 1: 1.5076s
I0217 21:03:44.213505 1744282 cudacc.cc:51]  Sweep 2: 2.0418s
I0217 21:03:45.706351 1744282 cudacc.cc:51]  Sweep 3: 1.4928s
I0217 21:03:47.698369 1744282 cudacc.cc:51]  Sweep 4: 1.9920s
I0217 21:03:47.698397 1744282 cudacc.cc:51] Iteration 1: 7.0343s
I0217 21:03:49.173381 1744282 cudacc.cc:51]  Sweep 1: 1.4750s
I0217 21:03:51.190459 1744282 cudacc.cc:51]  Sweep 2: 2.0170s
I0217 21:03:52.672075 1744282 cudacc.cc:51]  Sweep 3: 1.4816s
I0217 21:03:54.655824 1744282 cudacc.cc:51]  Sweep 4: 1.9837s
I0217 21:03:54.655856 1744282 cudacc.cc:51] Iteration 2: 6.9574s
I0217 21:03:56.117604 1744282 cudacc.cc:51]  Sweep 1: 1.4617s
I0217 21:03:58.105015 1744282 cudacc.cc:51]  Sweep 2: 1.9874s
I0217 21:03:59.570061 1744282 cudacc.cc:51]  Sweep 3: 1.4650s
I0217 21:04:01.545083 1744282 cudacc.cc:51]  Sweep 4: 1.9750s
I0217 21:04:01.545114 1744282 cudacc.cc:51] Iteration 3: 6.8892s
I0217 21:04:02.984256 1744282 cudacc.cc:51]  Sweep 1: 1.4391s
I0217 21:04:04.952615 1744282 cudacc.cc:51]  Sweep 2: 1.9683s
I0217 21:04:06.387904 1744282 cudacc.cc:51]  Sweep 3: 1.4352s
I0217 21:04:08.333266 1744282 cudacc.cc:51]  Sweep 4: 1.9453s
I0217 21:04:08.333324 1744282 cudacc.cc:51] Iteration 4: 6.7881s
I0217 21:04:09.751497 1744282 cudacc.cc:51]  Sweep 1: 1.4181s
I0217 21:04:11.679989 1744282 cudacc.cc:51]  Sweep 2: 1.9284s
I0217 21:04:13.097560 1744282 cudacc.cc:51]  Sweep 3: 1.4175s
I0217 21:04:15.051946 1744282 cudacc.cc:51]  Sweep 4: 1.9543s
I0217 21:04:15.051978 1744282 cudacc.cc:51] Iteration 5: 6.7186s
I0217 21:04:15.051987 1744282 cudacc.cc:51] Total: 34.6963s
I0217 21:04:15.051993 1744282 patch_match.cc:504] 
Writing geometric output for 18.png
I0217 21:05:28.756968 1744282 misc.cc:44] 
==============================================================================
Processing view 10 / 24 for 14.png
==============================================================================
I0217 21:05:28.757011 1744282 patch_match.cc:461] Reading inputs...
I0217 21:05:30.250593 1744282 misc.cc:51] 
PatchMatch::Problem
-------------------
I0217 21:05:30.250619 1744282 patch_match.cc:54] ref_image_idx: 9
I0217 21:05:30.250622 1744282 patch_match.cc:55] src_image_idxs: 
I0217 21:05:30.250625 1744282 patch_match.cc:58] 8 
I0217 21:05:30.250628 1744282 patch_match.cc:58] 12 
I0217 21:05:30.250630 1744282 patch_match.cc:58] 5 
I0217 21:05:30.250633 1744282 patch_match.cc:58] 17 
I0217 21:05:30.250635 1744282 patch_match.cc:58] 2 
I0217 21:05:30.250638 1744282 patch_match.cc:58] 14 
I0217 21:05:30.250641 1744282 patch_match.cc:58] 22 
I0217 21:05:30.250643 1744282 patch_match.cc:58] 21 
I0217 21:05:30.250646 1744282 patch_match.cc:58] 4 
I0217 21:05:30.250648 1744282 patch_match.cc:58] 20 
I0217 21:05:30.250651 1744282 patch_match.cc:58] 19 
I0217 21:05:30.250654 1744282 patch_match.cc:58] 6 
I0217 21:05:30.250658 1744282 patch_match.cc:58] 1 
I0217 21:05:30.250660 1744282 patch_match.cc:58] 18 
I0217 21:05:30.250662 1744282 patch_match.cc:58] 13 
I0217 21:05:30.250665 1744282 patch_match.cc:58] 0 
I0217 21:05:30.250669 1744282 patch_match.cc:58] 23 
I0217 21:05:30.250671 1744282 patch_match.cc:58] 10 
I0217 21:05:30.250674 1744282 patch_match.cc:58] 3 
I0217 21:05:30.250676 1744282 patch_match.cc:60] 16
I0217 21:05:30.250680 1744282 misc.cc:51] 
PatchMatchOptions
-----------------
I0217 21:05:30.250684 1744282 patch_match_options.cc:47] max_image_size: -1
I0217 21:05:30.250686 1744282 patch_match_options.cc:48] gpu_index: 0
I0217 21:05:30.250689 1744282 patch_match_options.cc:49] depth_min: 2.00146
I0217 21:05:30.250696 1744282 patch_match_options.cc:50] depth_max: 11.1946
I0217 21:05:30.250707 1744282 patch_match_options.cc:51] window_radius: 5
I0217 21:05:30.250710 1744282 patch_match_options.cc:52] window_step: 1
I0217 21:05:30.250715 1744282 patch_match_options.cc:53] sigma_spatial: 5
I0217 21:05:30.250718 1744282 patch_match_options.cc:54] sigma_color: 0.2
I0217 21:05:30.250720 1744282 patch_match_options.cc:55] num_samples: 15
I0217 21:05:30.250722 1744282 patch_match_options.cc:56] ncc_sigma: 0.6
I0217 21:05:30.250725 1744282 patch_match_options.cc:57] min_triangulation_angle: 1
I0217 21:05:30.250726 1744282 patch_match_options.cc:58] incident_angle_sigma: 0.9
I0217 21:05:30.250728 1744282 patch_match_options.cc:59] num_iterations: 5
I0217 21:05:30.250730 1744282 patch_match_options.cc:60] geom_consistency: 1
I0217 21:05:30.250732 1744282 patch_match_options.cc:61] geom_consistency_regularizer: 0.3
I0217 21:05:30.250734 1744282 patch_match_options.cc:62] geom_consistency_max_cost: 3
I0217 21:05:30.250736 1744282 patch_match_options.cc:63] filter: 1
I0217 21:05:30.250738 1744282 patch_match_options.cc:64] filter_min_ncc: 0.1
I0217 21:05:30.250741 1744282 patch_match_options.cc:65] filter_min_triangulation_angle: 3
I0217 21:05:30.250743 1744282 patch_match_options.cc:66] filter_min_num_consistent: 2
I0217 21:05:30.250746 1744282 patch_match_options.cc:67] filter_geom_consistency_max_cost: 1
I0217 21:05:30.250747 1744282 patch_match_options.cc:68] write_consistency_graph: 0
I0217 21:05:30.250749 1744282 patch_match_options.cc:69] allow_missing_files: 0
I0217 21:05:30.250752 1744282 misc.cc:51] 
PatchMatch::Run
---------------
I0217 21:05:31.253291 1744282 cudacc.cc:51] Initialization: 0.3013s
I0217 21:05:32.679430 1744282 cudacc.cc:51]  Sweep 1: 1.4261s
I0217 21:05:34.651717 1744282 cudacc.cc:51]  Sweep 2: 1.9722s
I0217 21:05:36.013585 1744282 cudacc.cc:51]  Sweep 3: 1.3618s
I0217 21:05:37.959391 1744282 cudacc.cc:51]  Sweep 4: 1.9457s
I0217 21:05:37.959425 1744282 cudacc.cc:51] Iteration 1: 6.7060s
I0217 21:05:39.362344 1744282 cudacc.cc:51]  Sweep 1: 1.4029s
I0217 21:05:41.299922 1744282 cudacc.cc:51]  Sweep 2: 1.9375s
I0217 21:05:42.636467 1744282 cudacc.cc:51]  Sweep 3: 1.3365s
I0217 21:05:44.553052 1744282 cudacc.cc:51]  Sweep 4: 1.9165s
I0217 21:05:44.553084 1744282 cudacc.cc:51] Iteration 2: 6.5936s
I0217 21:05:45.939848 1744282 cudacc.cc:51]  Sweep 1: 1.3867s
I0217 21:05:47.848567 1744282 cudacc.cc:51]  Sweep 2: 1.9087s
I0217 21:05:49.163192 1744282 cudacc.cc:51]  Sweep 3: 1.3146s
I0217 21:05:51.061043 1744282 cudacc.cc:51]  Sweep 4: 1.8978s
I0217 21:05:51.061076 1744282 cudacc.cc:51] Iteration 3: 6.5079s
I0217 21:05:52.438406 1744282 cudacc.cc:51]  Sweep 1: 1.3773s
I0217 21:05:54.327492 1744282 cudacc.cc:51]  Sweep 2: 1.8890s
I0217 21:05:55.618762 1744282 cudacc.cc:51]  Sweep 3: 1.2912s
I0217 21:05:57.488595 1744282 cudacc.cc:51]  Sweep 4: 1.8698s
I0217 21:05:57.488632 1744282 cudacc.cc:51] Iteration 4: 6.4275s
I0217 21:05:58.859337 1744282 cudacc.cc:51]  Sweep 1: 1.3707s
I0217 21:06:00.728480 1744282 cudacc.cc:51]  Sweep 2: 1.8691s
I0217 21:06:02.006697 1744282 cudacc.cc:51]  Sweep 3: 1.2782s
I0217 21:06:03.886654 1744282 cudacc.cc:51]  Sweep 4: 1.8799s
I0217 21:06:03.886689 1744282 cudacc.cc:51] Iteration 5: 6.3980s
I0217 21:06:03.886699 1744282 cudacc.cc:51] Total: 32.9343s
I0217 21:06:03.886716 1744282 patch_match.cc:504] 
Writing geometric output for 14.png
I0217 21:07:21.777598 1744282 misc.cc:44] 
==============================================================================
Processing view 11 / 24 for 17.png
==============================================================================
I0217 21:07:21.777645 1744282 patch_match.cc:461] Reading inputs...
I0217 21:07:23.277456 1744282 misc.cc:51] 
PatchMatch::Problem
-------------------
I0217 21:07:23.277482 1744282 patch_match.cc:54] ref_image_idx: 10
I0217 21:07:23.277485 1744282 patch_match.cc:55] src_image_idxs: 
I0217 21:07:23.277488 1744282 patch_match.cc:58] 7 
I0217 21:07:23.277490 1744282 patch_match.cc:58] 23 
I0217 21:07:23.277493 1744282 patch_match.cc:58] 9 
I0217 21:07:23.277496 1744282 patch_match.cc:58] 15 
I0217 21:07:23.277505 1744282 patch_match.cc:58] 13 
I0217 21:07:23.277508 1744282 patch_match.cc:58] 0 
I0217 21:07:23.277508 1744282 patch_match.cc:58] 4 
I0217 21:07:23.277510 1744282 patch_match.cc:58] 16 
I0217 21:07:23.277513 1744282 patch_match.cc:58] 3 
I0217 21:07:23.277514 1744282 patch_match.cc:58] 20 
I0217 21:07:23.277516 1744282 patch_match.cc:58] 1 
I0217 21:07:23.277518 1744282 patch_match.cc:58] 14 
I0217 21:07:23.277520 1744282 patch_match.cc:58] 2 
I0217 21:07:23.277522 1744282 patch_match.cc:58] 22 
I0217 21:07:23.277524 1744282 patch_match.cc:58] 11 
I0217 21:07:23.277526 1744282 patch_match.cc:58] 5 
I0217 21:07:23.277529 1744282 patch_match.cc:58] 18 
I0217 21:07:23.277530 1744282 patch_match.cc:58] 8 
I0217 21:07:23.277532 1744282 patch_match.cc:58] 21 
I0217 21:07:23.277534 1744282 patch_match.cc:60] 17
I0217 21:07:23.277536 1744282 misc.cc:51] 
PatchMatchOptions
-----------------
I0217 21:07:23.277539 1744282 patch_match_options.cc:47] max_image_size: -1
I0217 21:07:23.277540 1744282 patch_match_options.cc:48] gpu_index: 0
I0217 21:07:23.277542 1744282 patch_match_options.cc:49] depth_min: 2.0343
I0217 21:07:23.277549 1744282 patch_match_options.cc:50] depth_max: 9.18197
I0217 21:07:23.277551 1744282 patch_match_options.cc:51] window_radius: 5
I0217 21:07:23.277554 1744282 patch_match_options.cc:52] window_step: 1
I0217 21:07:23.277555 1744282 patch_match_options.cc:53] sigma_spatial: 5
I0217 21:07:23.277557 1744282 patch_match_options.cc:54] sigma_color: 0.2
I0217 21:07:23.277559 1744282 patch_match_options.cc:55] num_samples: 15
I0217 21:07:23.277561 1744282 patch_match_options.cc:56] ncc_sigma: 0.6
I0217 21:07:23.277563 1744282 patch_match_options.cc:57] min_triangulation_angle: 1
I0217 21:07:23.277566 1744282 patch_match_options.cc:58] incident_angle_sigma: 0.9
I0217 21:07:23.277568 1744282 patch_match_options.cc:59] num_iterations: 5
I0217 21:07:23.277570 1744282 patch_match_options.cc:60] geom_consistency: 1
I0217 21:07:23.277572 1744282 patch_match_options.cc:61] geom_consistency_regularizer: 0.3
I0217 21:07:23.277575 1744282 patch_match_options.cc:62] geom_consistency_max_cost: 3
I0217 21:07:23.277576 1744282 patch_match_options.cc:63] filter: 1
I0217 21:07:23.277578 1744282 patch_match_options.cc:64] filter_min_ncc: 0.1
I0217 21:07:23.277580 1744282 patch_match_options.cc:65] filter_min_triangulation_angle: 3
I0217 21:07:23.277582 1744282 patch_match_options.cc:66] filter_min_num_consistent: 2
I0217 21:07:23.277585 1744282 patch_match_options.cc:67] filter_geom_consistency_max_cost: 1
I0217 21:07:23.277586 1744282 patch_match_options.cc:68] write_consistency_graph: 0
I0217 21:07:23.277588 1744282 patch_match_options.cc:69] allow_missing_files: 0
I0217 21:07:23.277590 1744282 misc.cc:51] 
PatchMatch::Run
---------------
I0217 21:07:24.281273 1744282 cudacc.cc:51] Initialization: 0.2932s
I0217 21:07:25.682004 1744282 cudacc.cc:51]  Sweep 1: 1.4006s
I0217 21:07:27.567019 1744282 cudacc.cc:51]  Sweep 2: 1.8849s
I0217 21:07:28.977348 1744282 cudacc.cc:51]  Sweep 3: 1.4103s
I0217 21:07:30.846992 1744282 cudacc.cc:51]  Sweep 4: 1.8696s
I0217 21:07:30.847023 1744282 cudacc.cc:51] Iteration 1: 6.5655s
I0217 21:07:32.212790 1744282 cudacc.cc:51]  Sweep 1: 1.3657s
I0217 21:07:34.075671 1744282 cudacc.cc:51]  Sweep 2: 1.8628s
I0217 21:07:35.477772 1744282 cudacc.cc:51]  Sweep 3: 1.4020s
I0217 21:07:37.326690 1744282 cudacc.cc:51]  Sweep 4: 1.8488s
I0217 21:07:37.326727 1744282 cudacc.cc:51] Iteration 2: 6.4795s
I0217 21:07:38.683655 1744282 cudacc.cc:51]  Sweep 1: 1.3569s
I0217 21:07:40.516294 1744282 cudacc.cc:51]  Sweep 2: 1.8326s
I0217 21:07:41.907559 1744282 cudacc.cc:51]  Sweep 3: 1.3912s
I0217 21:07:43.738607 1744282 cudacc.cc:51]  Sweep 4: 1.8310s
I0217 21:07:43.738639 1744282 cudacc.cc:51] Iteration 3: 6.4117s
I0217 21:07:45.084266 1744282 cudacc.cc:51]  Sweep 1: 1.3456s
I0217 21:07:46.898183 1744282 cudacc.cc:51]  Sweep 2: 1.8138s
I0217 21:07:48.280653 1744282 cudacc.cc:51]  Sweep 3: 1.3824s
I0217 21:07:50.099682 1744282 cudacc.cc:51]  Sweep 4: 1.8189s
I0217 21:07:50.099720 1744282 cudacc.cc:51] Iteration 4: 6.3609s
I0217 21:07:51.436982 1744282 cudacc.cc:51]  Sweep 1: 1.3372s
I0217 21:07:53.233027 1744282 cudacc.cc:51]  Sweep 2: 1.7960s
I0217 21:07:54.599750 1744282 cudacc.cc:51]  Sweep 3: 1.3667s
I0217 21:07:56.428174 1744282 cudacc.cc:51]  Sweep 4: 1.8283s
I0217 21:07:56.428200 1744282 cudacc.cc:51] Iteration 5: 6.3283s
I0217 21:07:56.428210 1744282 cudacc.cc:51] Total: 32.4394s
I0217 21:07:56.428213 1744282 patch_match.cc:504] 
Writing geometric output for 17.png
I0217 21:09:16.736095 1744282 misc.cc:44] 
==============================================================================
Processing view 12 / 24 for 19.png
==============================================================================
I0217 21:09:16.736135 1744282 patch_match.cc:461] Reading inputs...
I0217 21:09:18.168078 1744282 misc.cc:51] 
PatchMatch::Problem
-------------------
I0217 21:09:18.168135 1744282 patch_match.cc:54] ref_image_idx: 11
I0217 21:09:18.168139 1744282 patch_match.cc:55] src_image_idxs: 
I0217 21:09:18.168141 1744282 patch_match.cc:58] 22 
I0217 21:09:18.168144 1744282 patch_match.cc:58] 10 
I0217 21:09:18.168147 1744282 patch_match.cc:58] 12 
I0217 21:09:18.168149 1744282 patch_match.cc:58] 16 
I0217 21:09:18.168152 1744282 patch_match.cc:58] 1 
I0217 21:09:18.168155 1744282 patch_match.cc:58] 19 
I0217 21:09:18.168157 1744282 patch_match.cc:58] 3 
I0217 21:09:18.168160 1744282 patch_match.cc:58] 23 
I0217 21:09:18.168164 1744282 patch_match.cc:58] 6 
I0217 21:09:18.168165 1744282 patch_match.cc:58] 5 
I0217 21:09:18.168169 1744282 patch_match.cc:58] 18 
I0217 21:09:18.168171 1744282 patch_match.cc:58] 8 
I0217 21:09:18.168174 1744282 patch_match.cc:58] 21 
I0217 21:09:18.168176 1744282 patch_match.cc:58] 14 
I0217 21:09:18.168179 1744282 patch_match.cc:58] 4 
I0217 21:09:18.168182 1744282 patch_match.cc:58] 7 
I0217 21:09:18.168184 1744282 patch_match.cc:58] 20 
I0217 21:09:18.168187 1744282 patch_match.cc:58] 15 
I0217 21:09:18.168190 1744282 patch_match.cc:60] 2
I0217 21:09:18.168193 1744282 misc.cc:51] 
PatchMatchOptions
-----------------
I0217 21:09:18.168196 1744282 patch_match_options.cc:47] max_image_size: -1
I0217 21:09:18.168200 1744282 patch_match_options.cc:48] gpu_index: 0
I0217 21:09:18.168201 1744282 patch_match_options.cc:49] depth_min: 1.5226
I0217 21:09:18.168210 1744282 patch_match_options.cc:50] depth_max: 10.5701
I0217 21:09:18.168213 1744282 patch_match_options.cc:51] window_radius: 5
I0217 21:09:18.168216 1744282 patch_match_options.cc:52] window_step: 1
I0217 21:09:18.168218 1744282 patch_match_options.cc:53] sigma_spatial: 5
I0217 21:09:18.168221 1744282 patch_match_options.cc:54] sigma_color: 0.2
I0217 21:09:18.168224 1744282 patch_match_options.cc:55] num_samples: 15
I0217 21:09:18.168227 1744282 patch_match_options.cc:56] ncc_sigma: 0.6
I0217 21:09:18.168231 1744282 patch_match_options.cc:57] min_triangulation_angle: 1
I0217 21:09:18.168233 1744282 patch_match_options.cc:58] incident_angle_sigma: 0.9
I0217 21:09:18.168236 1744282 patch_match_options.cc:59] num_iterations: 5
I0217 21:09:18.168238 1744282 patch_match_options.cc:60] geom_consistency: 1
I0217 21:09:18.168241 1744282 patch_match_options.cc:61] geom_consistency_regularizer: 0.3
I0217 21:09:18.168244 1744282 patch_match_options.cc:62] geom_consistency_max_cost: 3
I0217 21:09:18.168248 1744282 patch_match_options.cc:63] filter: 1
I0217 21:09:18.168251 1744282 patch_match_options.cc:64] filter_min_ncc: 0.1
I0217 21:09:18.168253 1744282 patch_match_options.cc:65] filter_min_triangulation_angle: 3
I0217 21:09:18.168256 1744282 patch_match_options.cc:66] filter_min_num_consistent: 2
I0217 21:09:18.168259 1744282 patch_match_options.cc:67] filter_geom_consistency_max_cost: 1
I0217 21:09:18.168262 1744282 patch_match_options.cc:68] write_consistency_graph: 0
I0217 21:09:18.168264 1744282 patch_match_options.cc:69] allow_missing_files: 0
I0217 21:09:18.168267 1744282 misc.cc:51] 
PatchMatch::Run
---------------
I0217 21:09:19.140246 1744282 cudacc.cc:51] Initialization: 0.2940s
I0217 21:09:20.589126 1744282 cudacc.cc:51]  Sweep 1: 1.4488s
I0217 21:09:22.606536 1744282 cudacc.cc:51]  Sweep 2: 2.0173s
I0217 21:09:24.031258 1744282 cudacc.cc:51]  Sweep 3: 1.4247s
I0217 21:09:25.959797 1744282 cudacc.cc:51]  Sweep 4: 1.9285s
I0217 21:09:25.959830 1744282 cudacc.cc:51] Iteration 1: 6.8194s
I0217 21:09:27.367833 1744282 cudacc.cc:51]  Sweep 1: 1.4080s
I0217 21:09:29.358460 1744282 cudacc.cc:51]  Sweep 2: 1.9905s
I0217 21:09:30.784261 1744282 cudacc.cc:51]  Sweep 3: 1.4257s
I0217 21:09:32.688313 1744282 cudacc.cc:51]  Sweep 4: 1.9040s
I0217 21:09:32.688346 1744282 cudacc.cc:51] Iteration 2: 6.7284s
I0217 21:09:34.092820 1744282 cudacc.cc:51]  Sweep 1: 1.4044s
I0217 21:09:36.063663 1744282 cudacc.cc:51]  Sweep 2: 1.9708s
I0217 21:09:37.480327 1744282 cudacc.cc:51]  Sweep 3: 1.4166s
I0217 21:09:39.356470 1744282 cudacc.cc:51]  Sweep 4: 1.8761s
I0217 21:09:39.356508 1744282 cudacc.cc:51] Iteration 3: 6.6680s
I0217 21:09:40.738174 1744282 cudacc.cc:51]  Sweep 1: 1.3816s
I0217 21:09:42.689396 1744282 cudacc.cc:51]  Sweep 2: 1.9511s
I0217 21:09:44.088562 1744282 cudacc.cc:51]  Sweep 3: 1.3991s
I0217 21:09:45.933912 1744282 cudacc.cc:51]  Sweep 4: 1.8453s
I0217 21:09:45.933951 1744282 cudacc.cc:51] Iteration 4: 6.5773s
I0217 21:09:47.304152 1744282 cudacc.cc:51]  Sweep 1: 1.3702s
I0217 21:09:49.233847 1744282 cudacc.cc:51]  Sweep 2: 1.9296s
I0217 21:09:50.621157 1744282 cudacc.cc:51]  Sweep 3: 1.3872s
I0217 21:09:52.475947 1744282 cudacc.cc:51]  Sweep 4: 1.8547s
I0217 21:09:52.475983 1744282 cudacc.cc:51] Iteration 5: 6.5419s
I0217 21:09:52.475993 1744282 cudacc.cc:51] Total: 33.6291s
I0217 21:09:52.475999 1744282 patch_match.cc:504] 
Writing geometric output for 19.png
I0217 21:11:18.755075 1744282 misc.cc:44] 
==============================================================================
Processing view 13 / 24 for 21.png
==============================================================================
I0217 21:11:18.755152 1744282 patch_match.cc:461] Reading inputs...
I0217 21:11:20.284416 1744282 misc.cc:51] 
PatchMatch::Problem
-------------------
I0217 21:11:20.284475 1744282 patch_match.cc:54] ref_image_idx: 12
I0217 21:11:20.284479 1744282 patch_match.cc:55] src_image_idxs: 
I0217 21:11:20.284482 1744282 patch_match.cc:58] 13 
I0217 21:11:20.284487 1744282 patch_match.cc:58] 11 
I0217 21:11:20.284488 1744282 patch_match.cc:58] 4 
I0217 21:11:20.284492 1744282 patch_match.cc:58] 19 
I0217 21:11:20.284494 1744282 patch_match.cc:58] 6 
I0217 21:11:20.284497 1744282 patch_match.cc:58] 2 
I0217 21:11:20.284499 1744282 patch_match.cc:58] 7 
I0217 21:11:20.284502 1744282 patch_match.cc:58] 17 
I0217 21:11:20.284505 1744282 patch_match.cc:58] 0 
I0217 21:11:20.284508 1744282 patch_match.cc:58] 3 
I0217 21:11:20.284511 1744282 patch_match.cc:58] 16 
I0217 21:11:20.284513 1744282 patch_match.cc:58] 18 
I0217 21:11:20.284516 1744282 patch_match.cc:58] 15 
I0217 21:11:20.284519 1744282 patch_match.cc:58] 21 
I0217 21:11:20.284523 1744282 patch_match.cc:58] 23 
I0217 21:11:20.284524 1744282 patch_match.cc:58] 22 
I0217 21:11:20.284528 1744282 patch_match.cc:58] 9 
I0217 21:11:20.284531 1744282 patch_match.cc:58] 1 
I0217 21:11:20.284533 1744282 patch_match.cc:58] 14 
I0217 21:11:20.284536 1744282 patch_match.cc:60] 20
I0217 21:11:20.284539 1744282 misc.cc:51] 
PatchMatchOptions
-----------------
I0217 21:11:20.284543 1744282 patch_match_options.cc:47] max_image_size: -1
I0217 21:11:20.284546 1744282 patch_match_options.cc:48] gpu_index: 0
I0217 21:11:20.284548 1744282 patch_match_options.cc:49] depth_min: 1.98998
I0217 21:11:20.284557 1744282 patch_match_options.cc:50] depth_max: 10.035
I0217 21:11:20.284561 1744282 patch_match_options.cc:51] window_radius: 5
I0217 21:11:20.284564 1744282 patch_match_options.cc:52] window_step: 1
I0217 21:11:20.284567 1744282 patch_match_options.cc:53] sigma_spatial: 5
I0217 21:11:20.284571 1744282 patch_match_options.cc:54] sigma_color: 0.2
I0217 21:11:20.284574 1744282 patch_match_options.cc:55] num_samples: 15
I0217 21:11:20.284577 1744282 patch_match_options.cc:56] ncc_sigma: 0.6
I0217 21:11:20.284580 1744282 patch_match_options.cc:57] min_triangulation_angle: 1
I0217 21:11:20.284590 1744282 patch_match_options.cc:58] incident_angle_sigma: 0.9
I0217 21:11:20.284593 1744282 patch_match_options.cc:59] num_iterations: 5
I0217 21:11:20.284595 1744282 patch_match_options.cc:60] geom_consistency: 1
I0217 21:11:20.284597 1744282 patch_match_options.cc:61] geom_consistency_regularizer: 0.3
I0217 21:11:20.284600 1744282 patch_match_options.cc:62] geom_consistency_max_cost: 3
I0217 21:11:20.284601 1744282 patch_match_options.cc:63] filter: 1
I0217 21:11:20.284603 1744282 patch_match_options.cc:64] filter_min_ncc: 0.1
I0217 21:11:20.284606 1744282 patch_match_options.cc:65] filter_min_triangulation_angle: 3
I0217 21:11:20.284608 1744282 patch_match_options.cc:66] filter_min_num_consistent: 2
I0217 21:11:20.284610 1744282 patch_match_options.cc:67] filter_geom_consistency_max_cost: 1
I0217 21:11:20.284612 1744282 patch_match_options.cc:68] write_consistency_graph: 0
I0217 21:11:20.284615 1744282 patch_match_options.cc:69] allow_missing_files: 0
I0217 21:11:20.284617 1744282 misc.cc:51] 
PatchMatch::Run
---------------
I0217 21:11:21.314975 1744282 cudacc.cc:51] Initialization: 0.3109s
I0217 21:11:22.744093 1744282 cudacc.cc:51]  Sweep 1: 1.4290s
I0217 21:11:24.775811 1744282 cudacc.cc:51]  Sweep 2: 2.0316s
I0217 21:11:26.245558 1744282 cudacc.cc:51]  Sweep 3: 1.4697s
I0217 21:11:28.261085 1744282 cudacc.cc:51]  Sweep 4: 2.0154s
I0217 21:11:28.261121 1744282 cudacc.cc:51] Iteration 1: 6.9460s
I0217 21:11:29.678543 1744282 cudacc.cc:51]  Sweep 1: 1.4174s
I0217 21:11:31.669246 1744282 cudacc.cc:51]  Sweep 2: 1.9906s
I0217 21:11:33.130517 1744282 cudacc.cc:51]  Sweep 3: 1.4612s
I0217 21:11:35.115963 1744282 cudacc.cc:51]  Sweep 4: 1.9854s
I0217 21:11:35.115993 1744282 cudacc.cc:51] Iteration 2: 6.8547s
I0217 21:11:36.502617 1744282 cudacc.cc:51]  Sweep 1: 1.3866s
I0217 21:11:38.468377 1744282 cudacc.cc:51]  Sweep 2: 1.9657s
I0217 21:11:39.907481 1744282 cudacc.cc:51]  Sweep 3: 1.4390s
I0217 21:11:41.862478 1744282 cudacc.cc:51]  Sweep 4: 1.9549s
I0217 21:11:41.862512 1744282 cudacc.cc:51] Iteration 3: 6.7464s
I0217 21:11:43.238417 1744282 cudacc.cc:51]  Sweep 1: 1.3759s
I0217 21:11:45.179895 1744282 cudacc.cc:51]  Sweep 2: 1.9414s
I0217 21:11:46.603971 1744282 cudacc.cc:51]  Sweep 3: 1.4240s
I0217 21:11:48.529759 1744282 cudacc.cc:51]  Sweep 4: 1.9257s
I0217 21:11:48.529788 1744282 cudacc.cc:51] Iteration 4: 6.6671s
I0217 21:11:49.890286 1744282 cudacc.cc:51]  Sweep 1: 1.3605s
I0217 21:11:51.801908 1744282 cudacc.cc:51]  Sweep 2: 1.9115s
I0217 21:11:53.211982 1744282 cudacc.cc:51]  Sweep 3: 1.4100s
I0217 21:11:55.146778 1744282 cudacc.cc:51]  Sweep 4: 1.9347s
I0217 21:11:55.146844 1744282 cudacc.cc:51] Iteration 5: 6.6169s
I0217 21:11:55.146853 1744282 cudacc.cc:51] Total: 34.1421s
I0217 21:11:55.146859 1744282 patch_match.cc:504] 
Writing geometric output for 21.png
I0217 21:12:19.753991 1744282 misc.cc:44] 
==============================================================================
Processing view 14 / 24 for 20.png
==============================================================================
I0217 21:12:19.754033 1744282 patch_match.cc:461] Reading inputs...
I0217 21:12:21.227638 1744282 misc.cc:51] 
PatchMatch::Problem
-------------------
I0217 21:12:21.227690 1744282 patch_match.cc:54] ref_image_idx: 13
I0217 21:12:21.227694 1744282 patch_match.cc:55] src_image_idxs: 
I0217 21:12:21.227697 1744282 patch_match.cc:58] 12 
I0217 21:12:21.227699 1744282 patch_match.cc:58] 8 
I0217 21:12:21.227702 1744282 patch_match.cc:58] 5 
I0217 21:12:21.227705 1744282 patch_match.cc:58] 2 
I0217 21:12:21.227707 1744282 patch_match.cc:58] 14 
I0217 21:12:21.227710 1744282 patch_match.cc:58] 0 
I0217 21:12:21.227715 1744282 patch_match.cc:58] 17 
I0217 21:12:21.227718 1744282 patch_match.cc:58] 4 
I0217 21:12:21.227721 1744282 patch_match.cc:58] 20 
I0217 21:12:21.227723 1744282 patch_match.cc:58] 19 
I0217 21:12:21.227725 1744282 patch_match.cc:58] 6 
I0217 21:12:21.227728 1744282 patch_match.cc:58] 1 
I0217 21:12:21.227730 1744282 patch_match.cc:58] 18 
I0217 21:12:21.227741 1744282 patch_match.cc:58] 21 
I0217 21:12:21.227742 1744282 patch_match.cc:58] 9 
I0217 21:12:21.227744 1744282 patch_match.cc:58] 22 
I0217 21:12:21.227746 1744282 patch_match.cc:58] 23 
I0217 21:12:21.227747 1744282 patch_match.cc:58] 10 
I0217 21:12:21.227749 1744282 patch_match.cc:58] 3 
I0217 21:12:21.227751 1744282 patch_match.cc:60] 16
I0217 21:12:21.227753 1744282 misc.cc:51] 
PatchMatchOptions
-----------------
I0217 21:12:21.227756 1744282 patch_match_options.cc:47] max_image_size: -1
I0217 21:12:21.227757 1744282 patch_match_options.cc:48] gpu_index: 0
I0217 21:12:21.227759 1744282 patch_match_options.cc:49] depth_min: 2.30867
I0217 21:12:21.227767 1744282 patch_match_options.cc:50] depth_max: 10.8847
I0217 21:12:21.227770 1744282 patch_match_options.cc:51] window_radius: 5
I0217 21:12:21.227772 1744282 patch_match_options.cc:52] window_step: 1
I0217 21:12:21.227774 1744282 patch_match_options.cc:53] sigma_spatial: 5
I0217 21:12:21.227777 1744282 patch_match_options.cc:54] sigma_color: 0.2
I0217 21:12:21.227778 1744282 patch_match_options.cc:55] num_samples: 15
I0217 21:12:21.227780 1744282 patch_match_options.cc:56] ncc_sigma: 0.6
I0217 21:12:21.227782 1744282 patch_match_options.cc:57] min_triangulation_angle: 1
I0217 21:12:21.227784 1744282 patch_match_options.cc:58] incident_angle_sigma: 0.9
I0217 21:12:21.227787 1744282 patch_match_options.cc:59] num_iterations: 5
I0217 21:12:21.227788 1744282 patch_match_options.cc:60] geom_consistency: 1
I0217 21:12:21.227790 1744282 patch_match_options.cc:61] geom_consistency_regularizer: 0.3
I0217 21:12:21.227792 1744282 patch_match_options.cc:62] geom_consistency_max_cost: 3
I0217 21:12:21.227794 1744282 patch_match_options.cc:63] filter: 1
I0217 21:12:21.227797 1744282 patch_match_options.cc:64] filter_min_ncc: 0.1
I0217 21:12:21.227798 1744282 patch_match_options.cc:65] filter_min_triangulation_angle: 3
I0217 21:12:21.227800 1744282 patch_match_options.cc:66] filter_min_num_consistent: 2
I0217 21:12:21.227802 1744282 patch_match_options.cc:67] filter_geom_consistency_max_cost: 1
I0217 21:12:21.227803 1744282 patch_match_options.cc:68] write_consistency_graph: 0
I0217 21:12:21.227805 1744282 patch_match_options.cc:69] allow_missing_files: 0
I0217 21:12:21.227808 1744282 misc.cc:51] 
PatchMatch::Run
---------------
I0217 21:12:22.215802 1744282 cudacc.cc:51] Initialization: 0.2979s
I0217 21:12:23.593642 1744282 cudacc.cc:51]  Sweep 1: 1.3778s
I0217 21:12:25.549185 1744282 cudacc.cc:51]  Sweep 2: 1.9555s
I0217 21:12:26.952420 1744282 cudacc.cc:51]  Sweep 3: 1.4032s
I0217 21:12:28.915076 1744282 cudacc.cc:51]  Sweep 4: 1.9626s
I0217 21:12:28.915108 1744282 cudacc.cc:51] Iteration 1: 6.6991s
I0217 21:12:30.243252 1744282 cudacc.cc:51]  Sweep 1: 1.3281s
I0217 21:12:32.166538 1744282 cudacc.cc:51]  Sweep 2: 1.9232s
I0217 21:12:33.541543 1744282 cudacc.cc:51]  Sweep 3: 1.3749s
I0217 21:12:35.489352 1744282 cudacc.cc:51]  Sweep 4: 1.9477s
I0217 21:12:35.489384 1744282 cudacc.cc:51] Iteration 2: 6.5741s
I0217 21:12:36.797442 1744282 cudacc.cc:51]  Sweep 1: 1.3080s
I0217 21:12:38.702615 1744282 cudacc.cc:51]  Sweep 2: 1.9051s
I0217 21:12:40.050742 1744282 cudacc.cc:51]  Sweep 3: 1.3481s
I0217 21:12:41.972165 1744282 cudacc.cc:51]  Sweep 4: 1.9213s
I0217 21:12:41.972200 1744282 cudacc.cc:51] Iteration 3: 6.4827s
I0217 21:12:43.254720 1744282 cudacc.cc:51]  Sweep 1: 1.2825s
I0217 21:12:45.133003 1744282 cudacc.cc:51]  Sweep 2: 1.8782s
I0217 21:12:46.459914 1744282 cudacc.cc:51]  Sweep 3: 1.3268s
I0217 21:12:48.358558 1744282 cudacc.cc:51]  Sweep 4: 1.8986s
I0217 21:12:48.358597 1744282 cudacc.cc:51] Iteration 4: 6.3863s
I0217 21:12:49.617146 1744282 cudacc.cc:51]  Sweep 1: 1.2585s
I0217 21:12:51.475884 1744282 cudacc.cc:51]  Sweep 2: 1.8587s
I0217 21:12:52.780076 1744282 cudacc.cc:51]  Sweep 3: 1.3041s
I0217 21:12:54.683013 1744282 cudacc.cc:51]  Sweep 4: 1.9029s
I0217 21:12:54.683050 1744282 cudacc.cc:51] Iteration 5: 6.3243s
I0217 21:12:54.683060 1744282 cudacc.cc:51] Total: 32.7645s
I0217 21:12:54.683066 1744282 patch_match.cc:504] 
Writing geometric output for 20.png
I0217 21:14:15.852687 1744282 misc.cc:44] 
==============================================================================
Processing view 15 / 24 for 22.png
==============================================================================
I0217 21:14:15.852743 1744282 patch_match.cc:461] Reading inputs...
I0217 21:14:17.328400 1744282 misc.cc:51] 
PatchMatch::Problem
-------------------
I0217 21:14:17.328426 1744282 patch_match.cc:54] ref_image_idx: 14
I0217 21:14:17.328430 1744282 patch_match.cc:55] src_image_idxs: 
I0217 21:14:17.328433 1744282 patch_match.cc:58] 1 
I0217 21:14:17.328436 1744282 patch_match.cc:58] 11 
I0217 21:14:17.328438 1744282 patch_match.cc:58] 19 
I0217 21:14:17.328441 1744282 patch_match.cc:58] 6 
I0217 21:14:17.328444 1744282 patch_match.cc:58] 12 
I0217 21:14:17.328446 1744282 patch_match.cc:58] 23 
I0217 21:14:17.328449 1744282 patch_match.cc:58] 3 
I0217 21:14:17.328451 1744282 patch_match.cc:58] 21 
I0217 21:14:17.328454 1744282 patch_match.cc:58] 18 
I0217 21:14:17.328456 1744282 patch_match.cc:58] 10 
I0217 21:14:17.328459 1744282 patch_match.cc:58] 20 
I0217 21:14:17.328461 1744282 patch_match.cc:58] 7 
I0217 21:14:17.328464 1744282 patch_match.cc:58] 4 
I0217 21:14:17.328466 1744282 patch_match.cc:58] 17 
I0217 21:14:17.328470 1744282 patch_match.cc:58] 2 
I0217 21:14:17.328472 1744282 patch_match.cc:58] 22 
I0217 21:14:17.328475 1744282 patch_match.cc:58] 9 
I0217 21:14:17.328478 1744282 patch_match.cc:58] 13 
I0217 21:14:17.328480 1744282 patch_match.cc:58] 0 
I0217 21:14:17.328483 1744282 patch_match.cc:60] 16
I0217 21:14:17.328486 1744282 misc.cc:51] 
PatchMatchOptions
-----------------
I0217 21:14:17.328490 1744282 patch_match_options.cc:47] max_image_size: -1
I0217 21:14:17.328491 1744282 patch_match_options.cc:48] gpu_index: 0
I0217 21:14:17.328495 1744282 patch_match_options.cc:49] depth_min: 1.28756
I0217 21:14:17.328501 1744282 patch_match_options.cc:50] depth_max: 8.84615
I0217 21:14:17.328505 1744282 patch_match_options.cc:51] window_radius: 5
I0217 21:14:17.328508 1744282 patch_match_options.cc:52] window_step: 1
I0217 21:14:17.328510 1744282 patch_match_options.cc:53] sigma_spatial: 5
I0217 21:14:17.328513 1744282 patch_match_options.cc:54] sigma_color: 0.2
I0217 21:14:17.328516 1744282 patch_match_options.cc:55] num_samples: 15
I0217 21:14:17.328519 1744282 patch_match_options.cc:56] ncc_sigma: 0.6
I0217 21:14:17.328521 1744282 patch_match_options.cc:57] min_triangulation_angle: 1
I0217 21:14:17.328524 1744282 patch_match_options.cc:58] incident_angle_sigma: 0.9
I0217 21:14:17.328527 1744282 patch_match_options.cc:59] num_iterations: 5
I0217 21:14:17.328531 1744282 patch_match_options.cc:60] geom_consistency: 1
I0217 21:14:17.328533 1744282 patch_match_options.cc:61] geom_consistency_regularizer: 0.3
I0217 21:14:17.328536 1744282 patch_match_options.cc:62] geom_consistency_max_cost: 3
I0217 21:14:17.328539 1744282 patch_match_options.cc:63] filter: 1
I0217 21:14:17.328542 1744282 patch_match_options.cc:64] filter_min_ncc: 0.1
I0217 21:14:17.328545 1744282 patch_match_options.cc:65] filter_min_triangulation_angle: 3
I0217 21:14:17.328548 1744282 patch_match_options.cc:66] filter_min_num_consistent: 2
I0217 21:14:17.328550 1744282 patch_match_options.cc:67] filter_geom_consistency_max_cost: 1
I0217 21:14:17.328553 1744282 patch_match_options.cc:68] write_consistency_graph: 0
I0217 21:14:17.328555 1744282 patch_match_options.cc:69] allow_missing_files: 0
I0217 21:14:17.328559 1744282 misc.cc:51] 
PatchMatch::Run
---------------
I0217 21:14:18.344914 1744282 cudacc.cc:51] Initialization: 0.3100s
I0217 21:14:19.766914 1744282 cudacc.cc:51]  Sweep 1: 1.4219s
I0217 21:14:21.668763 1744282 cudacc.cc:51]  Sweep 2: 1.9018s
I0217 21:14:23.066313 1744282 cudacc.cc:51]  Sweep 3: 1.3975s
I0217 21:14:24.901845 1744282 cudacc.cc:51]  Sweep 4: 1.8355s
I0217 21:14:24.901880 1744282 cudacc.cc:51] Iteration 1: 6.5568s
I0217 21:14:26.288515 1744282 cudacc.cc:51]  Sweep 1: 1.3866s
I0217 21:14:28.149411 1744282 cudacc.cc:51]  Sweep 2: 1.8608s
I0217 21:14:29.549515 1744282 cudacc.cc:51]  Sweep 3: 1.4000s
I0217 21:14:31.357157 1744282 cudacc.cc:51]  Sweep 4: 1.8076s
I0217 21:14:31.357226 1744282 cudacc.cc:51] Iteration 2: 6.4552s
I0217 21:14:32.735085 1744282 cudacc.cc:51]  Sweep 1: 1.3778s
I0217 21:14:34.578860 1744282 cudacc.cc:51]  Sweep 2: 1.8437s
I0217 21:14:35.968905 1744282 cudacc.cc:51]  Sweep 3: 1.3900s
I0217 21:14:37.756152 1744282 cudacc.cc:51]  Sweep 4: 1.7872s
I0217 21:14:37.756187 1744282 cudacc.cc:51] Iteration 3: 6.3988s
I0217 21:14:39.120474 1744282 cudacc.cc:51]  Sweep 1: 1.3642s
I0217 21:14:40.938872 1744282 cudacc.cc:51]  Sweep 2: 1.8183s
I0217 21:14:42.316082 1744282 cudacc.cc:51]  Sweep 3: 1.3771s
I0217 21:14:44.079267 1744282 cudacc.cc:51]  Sweep 4: 1.7631s
I0217 21:14:44.079298 1744282 cudacc.cc:51] Iteration 4: 6.3230s
I0217 21:14:45.431444 1744282 cudacc.cc:51]  Sweep 1: 1.3521s
I0217 21:14:47.229804 1744282 cudacc.cc:51]  Sweep 2: 1.7983s
I0217 21:14:48.599707 1744282 cudacc.cc:51]  Sweep 3: 1.3698s
I0217 21:14:50.381218 1744282 cudacc.cc:51]  Sweep 4: 1.7814s
I0217 21:14:50.381251 1744282 cudacc.cc:51] Iteration 5: 6.3018s
I0217 21:14:50.381260 1744282 cudacc.cc:51] Total: 32.3458s
I0217 21:14:50.381266 1744282 patch_match.cc:504] 
Writing geometric output for 22.png
I0217 21:15:46.610469 1744282 misc.cc:44] 
==============================================================================
Processing view 16 / 24 for 23.png
==============================================================================
I0217 21:15:46.610512 1744282 patch_match.cc:461] Reading inputs...
I0217 21:15:48.060582 1744282 misc.cc:51] 
PatchMatch::Problem
-------------------
I0217 21:15:48.060606 1744282 patch_match.cc:54] ref_image_idx: 15
I0217 21:15:48.060609 1744282 patch_match.cc:55] src_image_idxs: 
I0217 21:15:48.060612 1744282 patch_match.cc:58] 0 
I0217 21:15:48.060614 1744282 patch_match.cc:58] 3 
I0217 21:15:48.060617 1744282 patch_match.cc:58] 1 
I0217 21:15:48.060619 1744282 patch_match.cc:58] 19 
I0217 21:15:48.060622 1744282 patch_match.cc:58] 10 
I0217 21:15:48.060624 1744282 patch_match.cc:58] 11 
I0217 21:15:48.060627 1744282 patch_match.cc:58] 20 
I0217 21:15:48.060629 1744282 patch_match.cc:58] 9 
I0217 21:15:48.060632 1744282 patch_match.cc:58] 22 
I0217 21:15:48.060634 1744282 patch_match.cc:58] 17 
I0217 21:15:48.060637 1744282 patch_match.cc:58] 4 
I0217 21:15:48.060639 1744282 patch_match.cc:58] 14 
I0217 21:15:48.060642 1744282 patch_match.cc:58] 12 
I0217 21:15:48.060644 1744282 patch_match.cc:58] 2 
I0217 21:15:48.060647 1744282 patch_match.cc:58] 16 
I0217 21:15:48.060650 1744282 patch_match.cc:58] 21 
I0217 21:15:48.060652 1744282 patch_match.cc:58] 8 
I0217 21:15:48.060654 1744282 patch_match.cc:58] 18 
I0217 21:15:48.060657 1744282 patch_match.cc:58] 5 
I0217 21:15:48.060659 1744282 patch_match.cc:60] 7
I0217 21:15:48.060662 1744282 misc.cc:51] 
PatchMatchOptions
-----------------
I0217 21:15:48.060665 1744282 patch_match_options.cc:47] max_image_size: -1
I0217 21:15:48.060667 1744282 patch_match_options.cc:48] gpu_index: 0
I0217 21:15:48.060670 1744282 patch_match_options.cc:49] depth_min: 1.38318
I0217 21:15:48.060678 1744282 patch_match_options.cc:50] depth_max: 9.38633
I0217 21:15:48.060681 1744282 patch_match_options.cc:51] window_radius: 5
I0217 21:15:48.060683 1744282 patch_match_options.cc:52] window_step: 1
I0217 21:15:48.060686 1744282 patch_match_options.cc:53] sigma_spatial: 5
I0217 21:15:48.060689 1744282 patch_match_options.cc:54] sigma_color: 0.2
I0217 21:15:48.060691 1744282 patch_match_options.cc:55] num_samples: 15
I0217 21:15:48.060694 1744282 patch_match_options.cc:56] ncc_sigma: 0.6
I0217 21:15:48.060698 1744282 patch_match_options.cc:57] min_triangulation_angle: 1
I0217 21:15:48.060700 1744282 patch_match_options.cc:58] incident_angle_sigma: 0.9
I0217 21:15:48.060703 1744282 patch_match_options.cc:59] num_iterations: 5
I0217 21:15:48.060706 1744282 patch_match_options.cc:60] geom_consistency: 1
I0217 21:15:48.060708 1744282 patch_match_options.cc:61] geom_consistency_regularizer: 0.3
I0217 21:15:48.060714 1744282 patch_match_options.cc:62] geom_consistency_max_cost: 3
I0217 21:15:48.060725 1744282 patch_match_options.cc:63] filter: 1
I0217 21:15:48.060727 1744282 patch_match_options.cc:64] filter_min_ncc: 0.1
I0217 21:15:48.060729 1744282 patch_match_options.cc:65] filter_min_triangulation_angle: 3
I0217 21:15:48.060731 1744282 patch_match_options.cc:66] filter_min_num_consistent: 2
I0217 21:15:48.060734 1744282 patch_match_options.cc:67] filter_geom_consistency_max_cost: 1
I0217 21:15:48.060735 1744282 patch_match_options.cc:68] write_consistency_graph: 0
I0217 21:15:48.060736 1744282 patch_match_options.cc:69] allow_missing_files: 0
I0217 21:15:48.060739 1744282 misc.cc:51] 
PatchMatch::Run
---------------
I0217 21:15:49.055027 1744282 cudacc.cc:51] Initialization: 0.3080s
I0217 21:15:50.524781 1744282 cudacc.cc:51]  Sweep 1: 1.4697s
I0217 21:15:52.425554 1744282 cudacc.cc:51]  Sweep 2: 1.9007s
I0217 21:15:53.893368 1744282 cudacc.cc:51]  Sweep 3: 1.4677s
I0217 21:15:55.770745 1744282 cudacc.cc:51]  Sweep 4: 1.8773s
I0217 21:15:55.770776 1744282 cudacc.cc:51] Iteration 1: 6.7156s
I0217 21:15:57.204948 1744282 cudacc.cc:51]  Sweep 1: 1.4341s
I0217 21:15:59.082104 1744282 cudacc.cc:51]  Sweep 2: 1.8771s
I0217 21:16:00.528995 1744282 cudacc.cc:51]  Sweep 3: 1.4468s
I0217 21:16:02.375048 1744282 cudacc.cc:51]  Sweep 4: 1.8460s
I0217 21:16:02.375078 1744282 cudacc.cc:51] Iteration 2: 6.6042s
I0217 21:16:03.810282 1744282 cudacc.cc:51]  Sweep 1: 1.4352s
I0217 21:16:05.664076 1744282 cudacc.cc:51]  Sweep 2: 1.8537s
I0217 21:16:07.087646 1744282 cudacc.cc:51]  Sweep 3: 1.4235s
I0217 21:16:08.907227 1744282 cudacc.cc:51]  Sweep 4: 1.8195s
I0217 21:16:08.907258 1744282 cudacc.cc:51] Iteration 3: 6.5321s
I0217 21:16:10.335767 1744282 cudacc.cc:51]  Sweep 1: 1.4285s
I0217 21:16:12.170255 1744282 cudacc.cc:51]  Sweep 2: 1.8344s
I0217 21:16:13.581806 1744282 cudacc.cc:51]  Sweep 3: 1.4115s
I0217 21:16:15.380434 1744282 cudacc.cc:51]  Sweep 4: 1.7986s
I0217 21:16:15.380467 1744282 cudacc.cc:51] Iteration 4: 6.4731s
I0217 21:16:16.792804 1744282 cudacc.cc:51]  Sweep 1: 1.4123s
I0217 21:16:18.602191 1744282 cudacc.cc:51]  Sweep 2: 1.8093s
I0217 21:16:19.999050 1744282 cudacc.cc:51]  Sweep 3: 1.3968s
I0217 21:16:21.803997 1744282 cudacc.cc:51]  Sweep 4: 1.8049s
I0217 21:16:21.804024 1744282 cudacc.cc:51] Iteration 5: 6.4234s
I0217 21:16:21.804034 1744282 cudacc.cc:51] Total: 33.0565s
I0217 21:16:21.804039 1744282 patch_match.cc:504] 
Writing geometric output for 23.png
I0217 21:17:35.541460 1744282 misc.cc:44] 
==============================================================================
Processing view 17 / 24 for 2.png
==============================================================================
I0217 21:17:35.541501 1744282 patch_match.cc:461] Reading inputs...
I0217 21:17:36.981899 1744282 misc.cc:51] 
PatchMatch::Problem
-------------------
I0217 21:17:36.981923 1744282 patch_match.cc:54] ref_image_idx: 16
I0217 21:17:36.981927 1744282 patch_match.cc:55] src_image_idxs: 
I0217 21:17:36.981930 1744282 patch_match.cc:58] 11 
I0217 21:17:36.981933 1744282 patch_match.cc:58] 13 
I0217 21:17:36.981935 1744282 patch_match.cc:58] 4 
I0217 21:17:36.981938 1744282 patch_match.cc:58] 14 
I0217 21:17:36.981941 1744282 patch_match.cc:58] 1 
I0217 21:17:36.981945 1744282 patch_match.cc:58] 7 
I0217 21:17:36.981946 1744282 patch_match.cc:58] 20 
I0217 21:17:36.981949 1744282 patch_match.cc:58] 0 
I0217 21:17:36.981952 1744282 patch_match.cc:58] 17 
I0217 21:17:36.981956 1744282 patch_match.cc:58] 3 
I0217 21:17:36.981959 1744282 patch_match.cc:58] 18 
I0217 21:17:36.981962 1744282 patch_match.cc:58] 15 
I0217 21:17:36.981964 1744282 patch_match.cc:58] 2 
I0217 21:17:36.981967 1744282 patch_match.cc:58] 21 
I0217 21:17:36.981971 1744282 patch_match.cc:58] 23 
I0217 21:17:36.981973 1744282 patch_match.cc:58] 12 
I0217 21:17:36.981976 1744282 patch_match.cc:58] 22 
I0217 21:17:36.981978 1744282 patch_match.cc:58] 9 
I0217 21:17:36.981981 1744282 patch_match.cc:58] 19 
I0217 21:17:36.981984 1744282 patch_match.cc:60] 6
I0217 21:17:36.981987 1744282 misc.cc:51] 
PatchMatchOptions
-----------------
I0217 21:17:36.981997 1744282 patch_match_options.cc:47] max_image_size: -1
I0217 21:17:36.981999 1744282 patch_match_options.cc:48] gpu_index: 0
I0217 21:17:36.982002 1744282 patch_match_options.cc:49] depth_min: 1.60938
I0217 21:17:36.982010 1744282 patch_match_options.cc:50] depth_max: 11.5221
I0217 21:17:36.982013 1744282 patch_match_options.cc:51] window_radius: 5
I0217 21:17:36.982015 1744282 patch_match_options.cc:52] window_step: 1
I0217 21:17:36.982017 1744282 patch_match_options.cc:53] sigma_spatial: 5
I0217 21:17:36.982020 1744282 patch_match_options.cc:54] sigma_color: 0.2
I0217 21:17:36.982023 1744282 patch_match_options.cc:55] num_samples: 15
I0217 21:17:36.982024 1744282 patch_match_options.cc:56] ncc_sigma: 0.6
I0217 21:17:36.982026 1744282 patch_match_options.cc:57] min_triangulation_angle: 1
I0217 21:17:36.982029 1744282 patch_match_options.cc:58] incident_angle_sigma: 0.9
I0217 21:17:36.982031 1744282 patch_match_options.cc:59] num_iterations: 5
I0217 21:17:36.982033 1744282 patch_match_options.cc:60] geom_consistency: 1
I0217 21:17:36.982035 1744282 patch_match_options.cc:61] geom_consistency_regularizer: 0.3
I0217 21:17:36.982038 1744282 patch_match_options.cc:62] geom_consistency_max_cost: 3
I0217 21:17:36.982040 1744282 patch_match_options.cc:63] filter: 1
I0217 21:17:36.982043 1744282 patch_match_options.cc:64] filter_min_ncc: 0.1
I0217 21:17:36.982044 1744282 patch_match_options.cc:65] filter_min_triangulation_angle: 3
I0217 21:17:36.982046 1744282 patch_match_options.cc:66] filter_min_num_consistent: 2
I0217 21:17:36.982048 1744282 patch_match_options.cc:67] filter_geom_consistency_max_cost: 1
I0217 21:17:36.982050 1744282 patch_match_options.cc:68] write_consistency_graph: 0
I0217 21:17:36.982053 1744282 patch_match_options.cc:69] allow_missing_files: 0
I0217 21:17:36.982056 1744282 misc.cc:51] 
PatchMatch::Run
---------------
I0217 21:17:37.974030 1744282 cudacc.cc:51] Initialization: 0.3058s
I0217 21:17:39.391459 1744282 cudacc.cc:51]  Sweep 1: 1.4174s
I0217 21:17:41.338958 1744282 cudacc.cc:51]  Sweep 2: 1.9474s
I0217 21:17:42.720569 1744282 cudacc.cc:51]  Sweep 3: 1.3815s
I0217 21:17:44.680845 1744282 cudacc.cc:51]  Sweep 4: 1.9602s
I0217 21:17:44.680876 1744282 cudacc.cc:51] Iteration 1: 6.7067s
I0217 21:17:46.069818 1744282 cudacc.cc:51]  Sweep 1: 1.3889s
I0217 21:17:47.984660 1744282 cudacc.cc:51]  Sweep 2: 1.9148s
I0217 21:17:49.363359 1744282 cudacc.cc:51]  Sweep 3: 1.3786s
I0217 21:17:51.302784 1744282 cudacc.cc:51]  Sweep 4: 1.9394s
I0217 21:17:51.302816 1744282 cudacc.cc:51] Iteration 2: 6.6218s
I0217 21:17:52.682869 1744282 cudacc.cc:51]  Sweep 1: 1.3800s
I0217 21:17:54.573076 1744282 cudacc.cc:51]  Sweep 2: 1.8901s
I0217 21:17:55.943279 1744282 cudacc.cc:51]  Sweep 3: 1.3701s
I0217 21:17:57.853638 1744282 cudacc.cc:51]  Sweep 4: 1.9103s
I0217 21:17:57.853670 1744282 cudacc.cc:51] Iteration 3: 6.5507s
I0217 21:17:59.222496 1744282 cudacc.cc:51]  Sweep 1: 1.3688s
I0217 21:18:01.092166 1744282 cudacc.cc:51]  Sweep 2: 1.8696s
I0217 21:18:02.448539 1744282 cudacc.cc:51]  Sweep 3: 1.3563s
I0217 21:18:04.335006 1744282 cudacc.cc:51]  Sweep 4: 1.8864s
I0217 21:18:04.335036 1744282 cudacc.cc:51] Iteration 4: 6.4812s
I0217 21:18:05.691505 1744282 cudacc.cc:51]  Sweep 1: 1.3564s
I0217 21:18:07.532377 1744282 cudacc.cc:51]  Sweep 2: 1.8408s
I0217 21:18:08.881678 1744282 cudacc.cc:51]  Sweep 3: 1.3492s
I0217 21:18:10.772291 1744282 cudacc.cc:51]  Sweep 4: 1.8905s
I0217 21:18:10.772320 1744282 cudacc.cc:51] Iteration 5: 6.4372s
I0217 21:18:10.772329 1744282 cudacc.cc:51] Total: 33.1036s
I0217 21:18:10.772336 1744282 patch_match.cc:504] 
Writing geometric output for 2.png
I0217 21:19:31.701989 1744282 misc.cc:44] 
==============================================================================
Processing view 18 / 24 for 5.png
==============================================================================
I0217 21:19:31.702034 1744282 patch_match.cc:461] Reading inputs...
I0217 21:19:33.118321 1744282 misc.cc:51] 
PatchMatch::Problem
-------------------
I0217 21:19:33.118379 1744282 patch_match.cc:54] ref_image_idx: 17
I0217 21:19:33.118391 1744282 patch_match.cc:55] src_image_idxs: 
I0217 21:19:33.118393 1744282 patch_match.cc:58] 14 
I0217 21:19:33.118395 1744282 patch_match.cc:58] 2 
I0217 21:19:33.118397 1744282 patch_match.cc:58] 5 
I0217 21:19:33.118399 1744282 patch_match.cc:58] 21 
I0217 21:19:33.118400 1744282 patch_match.cc:58] 8 
I0217 21:19:33.118402 1744282 patch_match.cc:58] 22 
I0217 21:19:33.118404 1744282 patch_match.cc:58] 12 
I0217 21:19:33.118407 1744282 patch_match.cc:58] 18 
I0217 21:19:33.118408 1744282 patch_match.cc:58] 15 
I0217 21:19:33.118409 1744282 patch_match.cc:58] 4 
I0217 21:19:33.118412 1744282 patch_match.cc:58] 1 
I0217 21:19:33.118413 1744282 patch_match.cc:58] 20 
I0217 21:19:33.118415 1744282 patch_match.cc:58] 3 
I0217 21:19:33.118417 1744282 patch_match.cc:58] 16 
I0217 21:19:33.118418 1744282 patch_match.cc:58] 0 
I0217 21:19:33.118422 1744282 patch_match.cc:58] 13 
I0217 21:19:33.118423 1744282 patch_match.cc:58] 10 
I0217 21:19:33.118425 1744282 patch_match.cc:58] 23 
I0217 21:19:33.118427 1744282 patch_match.cc:60] 9
I0217 21:19:33.118429 1744282 misc.cc:51] 
PatchMatchOptions
-----------------
I0217 21:19:33.118431 1744282 patch_match_options.cc:47] max_image_size: -1
I0217 21:19:33.118433 1744282 patch_match_options.cc:48] gpu_index: 0
I0217 21:19:33.118435 1744282 patch_match_options.cc:49] depth_min: 1.58423
I0217 21:19:33.118443 1744282 patch_match_options.cc:50] depth_max: 7.90288
I0217 21:19:33.118444 1744282 patch_match_options.cc:51] window_radius: 5
I0217 21:19:33.118446 1744282 patch_match_options.cc:52] window_step: 1
I0217 21:19:33.118448 1744282 patch_match_options.cc:53] sigma_spatial: 5
I0217 21:19:33.118450 1744282 patch_match_options.cc:54] sigma_color: 0.2
I0217 21:19:33.118453 1744282 patch_match_options.cc:55] num_samples: 15
I0217 21:19:33.118454 1744282 patch_match_options.cc:56] ncc_sigma: 0.6
I0217 21:19:33.118456 1744282 patch_match_options.cc:57] min_triangulation_angle: 1
I0217 21:19:33.118458 1744282 patch_match_options.cc:58] incident_angle_sigma: 0.9
I0217 21:19:33.118460 1744282 patch_match_options.cc:59] num_iterations: 5
I0217 21:19:33.118463 1744282 patch_match_options.cc:60] geom_consistency: 1
I0217 21:19:33.118464 1744282 patch_match_options.cc:61] geom_consistency_regularizer: 0.3
I0217 21:19:33.118466 1744282 patch_match_options.cc:62] geom_consistency_max_cost: 3
I0217 21:19:33.118468 1744282 patch_match_options.cc:63] filter: 1
I0217 21:19:33.118470 1744282 patch_match_options.cc:64] filter_min_ncc: 0.1
I0217 21:19:33.118472 1744282 patch_match_options.cc:65] filter_min_triangulation_angle: 3
I0217 21:19:33.118474 1744282 patch_match_options.cc:66] filter_min_num_consistent: 2
I0217 21:19:33.118476 1744282 patch_match_options.cc:67] filter_geom_consistency_max_cost: 1
I0217 21:19:33.118479 1744282 patch_match_options.cc:68] write_consistency_graph: 0
I0217 21:19:33.118480 1744282 patch_match_options.cc:69] allow_missing_files: 0
I0217 21:19:33.118482 1744282 misc.cc:51] 
PatchMatch::Run
---------------
I0217 21:19:34.082227 1744282 cudacc.cc:51] Initialization: 0.2853s
I0217 21:19:35.491004 1744282 cudacc.cc:51]  Sweep 1: 1.4087s
I0217 21:19:37.384953 1744282 cudacc.cc:51]  Sweep 2: 1.8939s
I0217 21:19:38.771883 1744282 cudacc.cc:51]  Sweep 3: 1.3869s
I0217 21:19:40.641463 1744282 cudacc.cc:51]  Sweep 4: 1.8695s
I0217 21:19:40.641494 1744282 cudacc.cc:51] Iteration 1: 6.5591s
I0217 21:19:42.006186 1744282 cudacc.cc:51]  Sweep 1: 1.3647s
I0217 21:19:43.864629 1744282 cudacc.cc:51]  Sweep 2: 1.8584s
I0217 21:19:45.224840 1744282 cudacc.cc:51]  Sweep 3: 1.3601s
I0217 21:19:47.073542 1744282 cudacc.cc:51]  Sweep 4: 1.8486s
I0217 21:19:47.073575 1744282 cudacc.cc:51] Iteration 2: 6.4320s
I0217 21:19:48.425535 1744282 cudacc.cc:51]  Sweep 1: 1.3519s
I0217 21:19:50.275722 1744282 cudacc.cc:51]  Sweep 2: 1.8501s
I0217 21:19:51.606277 1744282 cudacc.cc:51]  Sweep 3: 1.3305s
I0217 21:19:53.436669 1744282 cudacc.cc:51]  Sweep 4: 1.8303s
I0217 21:19:53.436704 1744282 cudacc.cc:51] Iteration 3: 6.3630s
I0217 21:19:54.774621 1744282 cudacc.cc:51]  Sweep 1: 1.3379s
I0217 21:19:56.597460 1744282 cudacc.cc:51]  Sweep 2: 1.8228s
I0217 21:19:57.912226 1744282 cudacc.cc:51]  Sweep 3: 1.3147s
I0217 21:19:59.720055 1744282 cudacc.cc:51]  Sweep 4: 1.8078s
I0217 21:19:59.720089 1744282 cudacc.cc:51] Iteration 4: 6.2833s
I0217 21:20:01.051600 1744282 cudacc.cc:51]  Sweep 1: 1.3315s
I0217 21:20:02.849684 1744282 cudacc.cc:51]  Sweep 2: 1.7980s
I0217 21:20:04.152571 1744282 cudacc.cc:51]  Sweep 3: 1.3028s
I0217 21:20:05.970700 1744282 cudacc.cc:51]  Sweep 4: 1.8181s
I0217 21:20:05.970738 1744282 cudacc.cc:51] Iteration 5: 6.2505s
I0217 21:20:05.970748 1744282 cudacc.cc:51] Total: 32.1733s
I0217 21:20:05.970753 1744282 patch_match.cc:504] 
Writing geometric output for 5.png
I0217 21:21:40.667651 1744282 misc.cc:44] 
==============================================================================
Processing view 19 / 24 for 4.png
==============================================================================
I0217 21:21:40.667695 1744282 patch_match.cc:461] Reading inputs...
I0217 21:21:46.826443 1744282 misc.cc:51] 
PatchMatch::Problem
-------------------
I0217 21:21:46.826507 1744282 patch_match.cc:54] ref_image_idx: 18
I0217 21:21:46.826511 1744282 patch_match.cc:55] src_image_idxs: 
I0217 21:21:46.826514 1744282 patch_match.cc:58] 3 
I0217 21:21:46.826517 1744282 patch_match.cc:58] 0 
I0217 21:21:46.826520 1744282 patch_match.cc:58] 1 
I0217 21:21:46.826524 1744282 patch_match.cc:58] 19 
I0217 21:21:46.826526 1744282 patch_match.cc:58] 5 
I0217 21:21:46.826530 1744282 patch_match.cc:58] 10 
I0217 21:21:46.826534 1744282 patch_match.cc:58] 20 
I0217 21:21:46.826535 1744282 patch_match.cc:58] 9 
I0217 21:21:46.826539 1744282 patch_match.cc:58] 22 
I0217 21:21:46.826541 1744282 patch_match.cc:58] 13 
I0217 21:21:46.826545 1744282 patch_match.cc:58] 12 
I0217 21:21:46.826547 1744282 patch_match.cc:58] 16 
I0217 21:21:46.826550 1744282 patch_match.cc:58] 14 
I0217 21:21:46.826553 1744282 patch_match.cc:58] 2 
I0217 21:21:46.826555 1744282 patch_match.cc:58] 15 
I0217 21:21:46.826558 1744282 patch_match.cc:58] 21 
I0217 21:21:46.826561 1744282 patch_match.cc:58] 8 
I0217 21:21:46.826565 1744282 patch_match.cc:58] 4 
I0217 21:21:46.826567 1744282 patch_match.cc:58] 11 
I0217 21:21:46.826570 1744282 patch_match.cc:60] 7
I0217 21:21:46.826574 1744282 misc.cc:51] 
PatchMatchOptions
-----------------
I0217 21:21:46.826577 1744282 patch_match_options.cc:47] max_image_size: -1
I0217 21:21:46.826581 1744282 patch_match_options.cc:48] gpu_index: 0
I0217 21:21:46.826583 1744282 patch_match_options.cc:49] depth_min: 1.55984
I0217 21:21:46.826594 1744282 patch_match_options.cc:50] depth_max: 8.99666
I0217 21:21:46.826598 1744282 patch_match_options.cc:51] window_radius: 5
I0217 21:21:46.826601 1744282 patch_match_options.cc:52] window_step: 1
I0217 21:21:46.826604 1744282 patch_match_options.cc:53] sigma_spatial: 5
I0217 21:21:46.826608 1744282 patch_match_options.cc:54] sigma_color: 0.2
I0217 21:21:46.826611 1744282 patch_match_options.cc:55] num_samples: 15
I0217 21:21:46.826614 1744282 patch_match_options.cc:56] ncc_sigma: 0.6
I0217 21:21:46.826617 1744282 patch_match_options.cc:57] min_triangulation_angle: 1
I0217 21:21:46.826622 1744282 patch_match_options.cc:58] incident_angle_sigma: 0.9
I0217 21:21:46.826624 1744282 patch_match_options.cc:59] num_iterations: 5
I0217 21:21:46.826627 1744282 patch_match_options.cc:60] geom_consistency: 1
I0217 21:21:46.826630 1744282 patch_match_options.cc:61] geom_consistency_regularizer: 0.3
I0217 21:21:46.826633 1744282 patch_match_options.cc:62] geom_consistency_max_cost: 3
I0217 21:21:46.826637 1744282 patch_match_options.cc:63] filter: 1
I0217 21:21:46.826640 1744282 patch_match_options.cc:64] filter_min_ncc: 0.1
I0217 21:21:46.826643 1744282 patch_match_options.cc:65] filter_min_triangulation_angle: 3
I0217 21:21:46.826646 1744282 patch_match_options.cc:66] filter_min_num_consistent: 2
I0217 21:21:46.826649 1744282 patch_match_options.cc:67] filter_geom_consistency_max_cost: 1
I0217 21:21:46.826653 1744282 patch_match_options.cc:68] write_consistency_graph: 0
I0217 21:21:46.826664 1744282 patch_match_options.cc:69] allow_missing_files: 0
I0217 21:21:46.826668 1744282 misc.cc:51] 
PatchMatch::Run
---------------
I0217 21:21:47.870141 1744282 cudacc.cc:51] Initialization: 0.3029s
I0217 21:21:49.291162 1744282 cudacc.cc:51]  Sweep 1: 1.4210s
I0217 21:21:51.158488 1744282 cudacc.cc:51]  Sweep 2: 1.8673s
I0217 21:21:52.601809 1744282 cudacc.cc:51]  Sweep 3: 1.4433s
I0217 21:21:54.409106 1744282 cudacc.cc:51]  Sweep 4: 1.8072s
I0217 21:21:54.409176 1744282 cudacc.cc:51] Iteration 1: 6.5389s
I0217 21:21:55.797045 1744282 cudacc.cc:51]  Sweep 1: 1.3878s
I0217 21:21:57.628507 1744282 cudacc.cc:51]  Sweep 2: 1.8314s
I0217 21:21:59.057929 1744282 cudacc.cc:51]  Sweep 3: 1.4293s
I0217 21:22:00.843215 1744282 cudacc.cc:51]  Sweep 4: 1.7852s
I0217 21:22:00.843250 1744282 cudacc.cc:51] Iteration 2: 6.4340s
I0217 21:22:02.221904 1744282 cudacc.cc:51]  Sweep 1: 1.3786s
I0217 21:22:04.030484 1744282 cudacc.cc:51]  Sweep 2: 1.8085s
I0217 21:22:05.451386 1744282 cudacc.cc:51]  Sweep 3: 1.4208s
I0217 21:22:07.211675 1744282 cudacc.cc:51]  Sweep 4: 1.7602s
I0217 21:22:07.211709 1744282 cudacc.cc:51] Iteration 3: 6.3684s
I0217 21:22:08.582942 1744282 cudacc.cc:51]  Sweep 1: 1.3712s
I0217 21:22:10.352151 1744282 cudacc.cc:51]  Sweep 2: 1.7691s
I0217 21:22:11.761543 1744282 cudacc.cc:51]  Sweep 3: 1.4093s
I0217 21:22:13.496644 1744282 cudacc.cc:51]  Sweep 4: 1.7350s
I0217 21:22:13.496678 1744282 cudacc.cc:51] Iteration 4: 6.2849s
I0217 21:22:14.856943 1744282 cudacc.cc:51]  Sweep 1: 1.3602s
I0217 21:22:16.599295 1744282 cudacc.cc:51]  Sweep 2: 1.7423s
I0217 21:22:17.995169 1744282 cudacc.cc:51]  Sweep 3: 1.3958s
I0217 21:22:19.743938 1744282 cudacc.cc:51]  Sweep 4: 1.7487s
I0217 21:22:19.743965 1744282 cudacc.cc:51] Iteration 5: 6.2472s
I0217 21:22:19.743974 1744282 cudacc.cc:51] Total: 32.1763s
I0217 21:22:19.743980 1744282 patch_match.cc:504] 
Writing geometric output for 4.png
I0217 21:23:43.920032 1744282 misc.cc:44] 
==============================================================================
Processing view 20 / 24 for 6.png
==============================================================================
I0217 21:23:43.920074 1744282 patch_match.cc:461] Reading inputs...
I0217 21:23:45.262445 1744282 misc.cc:51] 
PatchMatch::Problem
-------------------
I0217 21:23:45.262472 1744282 patch_match.cc:54] ref_image_idx: 19
I0217 21:23:45.262476 1744282 patch_match.cc:55] src_image_idxs: 
I0217 21:23:45.262480 1744282 patch_match.cc:58] 6 
I0217 21:23:45.262481 1744282 patch_match.cc:58] 2 
I0217 21:23:45.262485 1744282 patch_match.cc:58] 22 
I0217 21:23:45.262486 1744282 patch_match.cc:58] 21 
I0217 21:23:45.262490 1744282 patch_match.cc:58] 18 
I0217 21:23:45.262492 1744282 patch_match.cc:58] 11 
I0217 21:23:45.262743 1744282 patch_match.cc:58] 10 
I0217 21:23:45.262748 1744282 patch_match.cc:58] 23 
I0217 21:23:45.262749 1744282 patch_match.cc:58] 0 
I0217 21:23:45.262753 1744282 patch_match.cc:58] 13 
I0217 21:23:45.262754 1744282 patch_match.cc:58] 9 
I0217 21:23:45.262756 1744282 patch_match.cc:58] 15 
I0217 21:23:45.262759 1744282 patch_match.cc:58] 1 
I0217 21:23:45.262761 1744282 patch_match.cc:58] 14 
I0217 21:23:45.262764 1744282 patch_match.cc:58] 20 
I0217 21:23:45.262766 1744282 patch_match.cc:58] 7 
I0217 21:23:45.262769 1744282 patch_match.cc:58] 4 
I0217 21:23:45.262771 1744282 patch_match.cc:58] 16 
I0217 21:23:45.262774 1744282 patch_match.cc:60] 12
I0217 21:23:45.262777 1744282 misc.cc:51] 
PatchMatchOptions
-----------------
I0217 21:23:45.262780 1744282 patch_match_options.cc:47] max_image_size: -1
I0217 21:23:45.262784 1744282 patch_match_options.cc:48] gpu_index: 0
I0217 21:23:45.262785 1744282 patch_match_options.cc:49] depth_min: 1.24091
I0217 21:23:45.262794 1744282 patch_match_options.cc:50] depth_max: 11.3815
I0217 21:23:45.262797 1744282 patch_match_options.cc:51] window_radius: 5
I0217 21:23:45.262800 1744282 patch_match_options.cc:52] window_step: 1
I0217 21:23:45.262804 1744282 patch_match_options.cc:53] sigma_spatial: 5
I0217 21:23:45.262806 1744282 patch_match_options.cc:54] sigma_color: 0.2
I0217 21:23:45.262817 1744282 patch_match_options.cc:55] num_samples: 15
I0217 21:23:45.262820 1744282 patch_match_options.cc:56] ncc_sigma: 0.6
I0217 21:23:45.262821 1744282 patch_match_options.cc:57] min_triangulation_angle: 1
I0217 21:23:45.262823 1744282 patch_match_options.cc:58] incident_angle_sigma: 0.9
I0217 21:23:45.262825 1744282 patch_match_options.cc:59] num_iterations: 5
I0217 21:23:45.262827 1744282 patch_match_options.cc:60] geom_consistency: 1
I0217 21:23:45.262828 1744282 patch_match_options.cc:61] geom_consistency_regularizer: 0.3
I0217 21:23:45.262830 1744282 patch_match_options.cc:62] geom_consistency_max_cost: 3
I0217 21:23:45.262832 1744282 patch_match_options.cc:63] filter: 1
I0217 21:23:45.262835 1744282 patch_match_options.cc:64] filter_min_ncc: 0.1
I0217 21:23:45.262837 1744282 patch_match_options.cc:65] filter_min_triangulation_angle: 3
I0217 21:23:45.262840 1744282 patch_match_options.cc:66] filter_min_num_consistent: 2
I0217 21:23:45.262841 1744282 patch_match_options.cc:67] filter_geom_consistency_max_cost: 1
I0217 21:23:45.262843 1744282 patch_match_options.cc:68] write_consistency_graph: 0
I0217 21:23:45.262845 1744282 patch_match_options.cc:69] allow_missing_files: 0
I0217 21:23:45.262847 1744282 misc.cc:51] 
PatchMatch::Run
---------------
I0217 21:23:46.198545 1744282 cudacc.cc:51] Initialization: 0.2914s
I0217 21:23:47.644488 1744282 cudacc.cc:51]  Sweep 1: 1.4459s
I0217 21:23:49.670071 1744282 cudacc.cc:51]  Sweep 2: 2.0255s
I0217 21:23:51.077998 1744282 cudacc.cc:51]  Sweep 3: 1.4079s
I0217 21:23:53.081945 1744282 cudacc.cc:51]  Sweep 4: 2.0039s
I0217 21:23:53.081976 1744282 cudacc.cc:51] Iteration 1: 6.8833s
I0217 21:23:54.505309 1744282 cudacc.cc:51]  Sweep 1: 1.4233s
I0217 21:23:56.493120 1744282 cudacc.cc:51]  Sweep 2: 1.9877s
I0217 21:23:57.863318 1744282 cudacc.cc:51]  Sweep 3: 1.3701s
I0217 21:23:59.842566 1744282 cudacc.cc:51]  Sweep 4: 1.9792s
I0217 21:23:59.842599 1744282 cudacc.cc:51] Iteration 2: 6.7605s
I0217 21:24:01.253906 1744282 cudacc.cc:51]  Sweep 1: 1.4113s
I0217 21:24:03.227665 1744282 cudacc.cc:51]  Sweep 2: 1.9737s
I0217 21:24:04.587487 1744282 cudacc.cc:51]  Sweep 3: 1.3598s
I0217 21:24:06.550684 1744282 cudacc.cc:51]  Sweep 4: 1.9631s
I0217 21:24:06.550721 1744282 cudacc.cc:51] Iteration 3: 6.7080s
I0217 21:24:07.931484 1744282 cudacc.cc:51]  Sweep 1: 1.3807s
I0217 21:24:09.873574 1744282 cudacc.cc:51]  Sweep 2: 1.9420s
I0217 21:24:11.218489 1744282 cudacc.cc:51]  Sweep 3: 1.3449s
I0217 21:24:13.156494 1744282 cudacc.cc:51]  Sweep 4: 1.9379s
I0217 21:24:13.156527 1744282 cudacc.cc:51] Iteration 4: 6.6057s
I0217 21:24:14.511219 1744282 cudacc.cc:51]  Sweep 1: 1.3547s
I0217 21:24:16.427090 1744282 cudacc.cc:51]  Sweep 2: 1.9158s
I0217 21:24:17.753125 1744282 cudacc.cc:51]  Sweep 3: 1.3260s
I0217 21:24:19.700165 1744282 cudacc.cc:51]  Sweep 4: 1.9470s
I0217 21:24:19.700203 1744282 cudacc.cc:51] Iteration 5: 6.5436s
I0217 21:24:19.700212 1744282 cudacc.cc:51] Total: 33.7926s
I0217 21:24:19.700217 1744282 patch_match.cc:504] 
Writing geometric output for 6.png
I0217 21:25:43.044651 1744282 misc.cc:44] 
==============================================================================
Processing view 21 / 24 for 3.png
==============================================================================
I0217 21:25:43.044692 1744282 patch_match.cc:461] Reading inputs...
I0217 21:25:44.558969 1744282 misc.cc:51] 
PatchMatch::Problem
-------------------
I0217 21:25:44.559037 1744282 patch_match.cc:54] ref_image_idx: 20
I0217 21:25:44.559041 1744282 patch_match.cc:55] src_image_idxs: 
I0217 21:25:44.559044 1744282 patch_match.cc:58] 22 
I0217 21:25:44.559047 1744282 patch_match.cc:58] 2 
I0217 21:25:44.559051 1744282 patch_match.cc:58] 15 
I0217 21:25:44.559052 1744282 patch_match.cc:58] 18 
I0217 21:25:44.559055 1744282 patch_match.cc:58] 21 
I0217 21:25:44.559057 1744282 patch_match.cc:58] 11 
I0217 21:25:44.559060 1744282 patch_match.cc:58] 7 
I0217 21:25:44.559062 1744282 patch_match.cc:58] 5 
I0217 21:25:44.559065 1744282 patch_match.cc:58] 8 
I0217 21:25:44.559075 1744282 patch_match.cc:58] 13 
I0217 21:25:44.559077 1744282 patch_match.cc:58] 10 
I0217 21:25:44.559079 1744282 patch_match.cc:58] 9 
I0217 21:25:44.559082 1744282 patch_match.cc:58] 17 
I0217 21:25:44.559083 1744282 patch_match.cc:58] 4 
I0217 21:25:44.559085 1744282 patch_match.cc:58] 14 
I0217 21:25:44.559087 1744282 patch_match.cc:58] 1 
I0217 21:25:44.559089 1744282 patch_match.cc:58] 19 
I0217 21:25:44.559090 1744282 patch_match.cc:58] 6 
I0217 21:25:44.559092 1744282 patch_match.cc:58] 16 
I0217 21:25:44.559094 1744282 patch_match.cc:60] 12
I0217 21:25:44.559096 1744282 misc.cc:51] 
PatchMatchOptions
-----------------
I0217 21:25:44.559098 1744282 patch_match_options.cc:47] max_image_size: -1
I0217 21:25:44.559100 1744282 patch_match_options.cc:48] gpu_index: 0
I0217 21:25:44.559103 1744282 patch_match_options.cc:49] depth_min: 1.69639
I0217 21:25:44.559111 1744282 patch_match_options.cc:50] depth_max: 11.2916
I0217 21:25:44.559114 1744282 patch_match_options.cc:51] window_radius: 5
I0217 21:25:44.559116 1744282 patch_match_options.cc:52] window_step: 1
I0217 21:25:44.559118 1744282 patch_match_options.cc:53] sigma_spatial: 5
I0217 21:25:44.559120 1744282 patch_match_options.cc:54] sigma_color: 0.2
I0217 21:25:44.559123 1744282 patch_match_options.cc:55] num_samples: 15
I0217 21:25:44.559124 1744282 patch_match_options.cc:56] ncc_sigma: 0.6
I0217 21:25:44.559127 1744282 patch_match_options.cc:57] min_triangulation_angle: 1
I0217 21:25:44.559129 1744282 patch_match_options.cc:58] incident_angle_sigma: 0.9
I0217 21:25:44.559131 1744282 patch_match_options.cc:59] num_iterations: 5
I0217 21:25:44.559134 1744282 patch_match_options.cc:60] geom_consistency: 1
I0217 21:25:44.559135 1744282 patch_match_options.cc:61] geom_consistency_regularizer: 0.3
I0217 21:25:44.559137 1744282 patch_match_options.cc:62] geom_consistency_max_cost: 3
I0217 21:25:44.559139 1744282 patch_match_options.cc:63] filter: 1
I0217 21:25:44.559141 1744282 patch_match_options.cc:64] filter_min_ncc: 0.1
I0217 21:25:44.559144 1744282 patch_match_options.cc:65] filter_min_triangulation_angle: 3
I0217 21:25:44.559146 1744282 patch_match_options.cc:66] filter_min_num_consistent: 2
I0217 21:25:44.559149 1744282 patch_match_options.cc:67] filter_geom_consistency_max_cost: 1
I0217 21:25:44.559150 1744282 patch_match_options.cc:68] write_consistency_graph: 0
I0217 21:25:44.559152 1744282 patch_match_options.cc:69] allow_missing_files: 0
I0217 21:25:44.559154 1744282 misc.cc:51] 
PatchMatch::Run
---------------
I0217 21:25:45.578336 1744282 cudacc.cc:51] Initialization: 0.3089s
I0217 21:25:47.019635 1744282 cudacc.cc:51]  Sweep 1: 1.4412s
I0217 21:25:49.024799 1744282 cudacc.cc:51]  Sweep 2: 2.0051s
I0217 21:25:50.495798 1744282 cudacc.cc:51]  Sweep 3: 1.4709s
I0217 21:25:52.450217 1744282 cudacc.cc:51]  Sweep 4: 1.9544s
I0217 21:25:52.450254 1744282 cudacc.cc:51] Iteration 1: 6.8718s
I0217 21:25:53.861793 1744282 cudacc.cc:51]  Sweep 1: 1.4115s
I0217 21:25:55.835031 1744282 cudacc.cc:51]  Sweep 2: 1.9732s
I0217 21:25:57.287132 1744282 cudacc.cc:51]  Sweep 3: 1.4520s
I0217 21:25:59.219465 1744282 cudacc.cc:51]  Sweep 4: 1.9323s
I0217 21:25:59.219504 1744282 cudacc.cc:51] Iteration 2: 6.7691s
I0217 21:26:00.629669 1744282 cudacc.cc:51]  Sweep 1: 1.4101s
I0217 21:26:02.582572 1744282 cudacc.cc:51]  Sweep 2: 1.9528s
I0217 21:26:04.032416 1744282 cudacc.cc:51]  Sweep 3: 1.4498s
I0217 21:26:05.949040 1744282 cudacc.cc:51]  Sweep 4: 1.9166s
I0217 21:26:05.949079 1744282 cudacc.cc:51] Iteration 3: 6.7295s
I0217 21:26:07.347909 1744282 cudacc.cc:51]  Sweep 1: 1.3988s
I0217 21:26:09.272789 1744282 cudacc.cc:51]  Sweep 2: 1.9248s
I0217 21:26:10.710479 1744282 cudacc.cc:51]  Sweep 3: 1.4376s
I0217 21:26:12.599761 1744282 cudacc.cc:51]  Sweep 4: 1.8892s
I0217 21:26:12.599829 1744282 cudacc.cc:51] Iteration 4: 6.6506s
I0217 21:26:13.988061 1744282 cudacc.cc:51]  Sweep 1: 1.3882s
I0217 21:26:15.886606 1744282 cudacc.cc:51]  Sweep 2: 1.8985s
I0217 21:26:17.310580 1744282 cudacc.cc:51]  Sweep 3: 1.4239s
I0217 21:26:19.203117 1744282 cudacc.cc:51]  Sweep 4: 1.8925s
I0217 21:26:19.203151 1744282 cudacc.cc:51] Iteration 5: 6.6032s
I0217 21:26:19.203159 1744282 cudacc.cc:51] Total: 33.9333s
I0217 21:26:19.203164 1744282 patch_match.cc:504] 
Writing geometric output for 3.png
I0217 21:27:47.792192 1744282 misc.cc:44] 
==============================================================================
Processing view 22 / 24 for 9.png
==============================================================================
I0217 21:27:47.792232 1744282 patch_match.cc:461] Reading inputs...
I0217 21:27:49.395076 1744282 misc.cc:51] 
PatchMatch::Problem
-------------------
I0217 21:27:49.395100 1744282 patch_match.cc:54] ref_image_idx: 21
I0217 21:27:49.395104 1744282 patch_match.cc:55] src_image_idxs: 
I0217 21:27:49.395107 1744282 patch_match.cc:58] 3 
I0217 21:27:49.395110 1744282 patch_match.cc:58] 0 
I0217 21:27:49.395113 1744282 patch_match.cc:58] 1 
I0217 21:27:49.395115 1744282 patch_match.cc:58] 19 
I0217 21:27:49.395118 1744282 patch_match.cc:58] 8 
I0217 21:27:49.395121 1744282 patch_match.cc:58] 10 
I0217 21:27:49.395123 1744282 patch_match.cc:58] 20 
I0217 21:27:49.395126 1744282 patch_match.cc:58] 14 
I0217 21:27:49.395129 1744282 patch_match.cc:58] 12 
I0217 21:27:49.395131 1744282 patch_match.cc:58] 22 
I0217 21:27:49.395134 1744282 patch_match.cc:58] 13 
I0217 21:27:49.395136 1744282 patch_match.cc:58] 2 
I0217 21:27:49.395139 1744282 patch_match.cc:58] 15 
I0217 21:27:49.395143 1744282 patch_match.cc:58] 17 
I0217 21:27:49.395148 1744282 patch_match.cc:58] 4 
I0217 21:27:49.395152 1744282 patch_match.cc:58] 16 
I0217 21:27:49.395154 1744282 patch_match.cc:58] 18 
I0217 21:27:49.395157 1744282 patch_match.cc:58] 5 
I0217 21:27:49.395160 1744282 patch_match.cc:58] 11 
I0217 21:27:49.395162 1744282 patch_match.cc:60] 7
I0217 21:27:49.395165 1744282 misc.cc:51] 
PatchMatchOptions
-----------------
I0217 21:27:49.395169 1744282 patch_match_options.cc:47] max_image_size: -1
I0217 21:27:49.395171 1744282 patch_match_options.cc:48] gpu_index: 0
I0217 21:27:49.395174 1744282 patch_match_options.cc:49] depth_min: 1.27006
I0217 21:27:49.395182 1744282 patch_match_options.cc:50] depth_max: 10.7063
I0217 21:27:49.395185 1744282 patch_match_options.cc:51] window_radius: 5
I0217 21:27:49.395188 1744282 patch_match_options.cc:52] window_step: 1
I0217 21:27:49.395191 1744282 patch_match_options.cc:53] sigma_spatial: 5
I0217 21:27:49.395195 1744282 patch_match_options.cc:54] sigma_color: 0.2
I0217 21:27:49.395197 1744282 patch_match_options.cc:55] num_samples: 15
I0217 21:27:49.395200 1744282 patch_match_options.cc:56] ncc_sigma: 0.6
I0217 21:27:49.395202 1744282 patch_match_options.cc:57] min_triangulation_angle: 1
I0217 21:27:49.395205 1744282 patch_match_options.cc:58] incident_angle_sigma: 0.9
I0217 21:27:49.395208 1744282 patch_match_options.cc:59] num_iterations: 5
I0217 21:27:49.395211 1744282 patch_match_options.cc:60] geom_consistency: 1
I0217 21:27:49.395215 1744282 patch_match_options.cc:61] geom_consistency_regularizer: 0.3
I0217 21:27:49.395217 1744282 patch_match_options.cc:62] geom_consistency_max_cost: 3
I0217 21:27:49.395221 1744282 patch_match_options.cc:63] filter: 1
I0217 21:27:49.395223 1744282 patch_match_options.cc:64] filter_min_ncc: 0.1
I0217 21:27:49.395226 1744282 patch_match_options.cc:65] filter_min_triangulation_angle: 3
I0217 21:27:49.395229 1744282 patch_match_options.cc:66] filter_min_num_consistent: 2
I0217 21:27:49.395232 1744282 patch_match_options.cc:67] filter_geom_consistency_max_cost: 1
I0217 21:27:49.395236 1744282 patch_match_options.cc:68] write_consistency_graph: 0
I0217 21:27:49.395237 1744282 patch_match_options.cc:69] allow_missing_files: 0
I0217 21:27:49.395241 1744282 misc.cc:51] 
PatchMatch::Run
---------------
I0217 21:27:50.467770 1744282 cudacc.cc:51] Initialization: 0.2951s
I0217 21:27:51.866465 1744282 cudacc.cc:51]  Sweep 1: 1.3986s
I0217 21:27:53.707222 1744282 cudacc.cc:51]  Sweep 2: 1.8407s
I0217 21:27:55.097147 1744282 cudacc.cc:51]  Sweep 3: 1.3899s
I0217 21:27:56.958174 1744282 cudacc.cc:51]  Sweep 4: 1.8610s
I0217 21:27:56.958215 1744282 cudacc.cc:51] Iteration 1: 6.4903s
I0217 21:27:58.350010 1744282 cudacc.cc:51]  Sweep 1: 1.3918s
I0217 21:28:00.173308 1744282 cudacc.cc:51]  Sweep 2: 1.8232s
I0217 21:28:01.549692 1744282 cudacc.cc:51]  Sweep 3: 1.3763s
I0217 21:28:03.380671 1744282 cudacc.cc:51]  Sweep 4: 1.8309s
I0217 21:28:03.380705 1744282 cudacc.cc:51] Iteration 2: 6.4224s
I0217 21:28:04.769593 1744282 cudacc.cc:51]  Sweep 1: 1.3888s
I0217 21:28:06.553103 1744282 cudacc.cc:51]  Sweep 2: 1.7834s
I0217 21:28:07.924497 1744282 cudacc.cc:51]  Sweep 3: 1.3713s
I0217 21:28:09.717290 1744282 cudacc.cc:51]  Sweep 4: 1.7927s
I0217 21:28:09.717324 1744282 cudacc.cc:51] Iteration 3: 6.3365s
I0217 21:28:11.103555 1744282 cudacc.cc:51]  Sweep 1: 1.3862s
I0217 21:28:12.868911 1744282 cudacc.cc:51]  Sweep 2: 1.7653s
I0217 21:28:14.224200 1744282 cudacc.cc:51]  Sweep 3: 1.3552s
I0217 21:28:15.977141 1744282 cudacc.cc:51]  Sweep 4: 1.7529s
I0217 21:28:15.977174 1744282 cudacc.cc:51] Iteration 4: 6.2598s
I0217 21:28:17.354429 1744282 cudacc.cc:51]  Sweep 1: 1.3772s
I0217 21:28:19.095535 1744282 cudacc.cc:51]  Sweep 2: 1.7410s
I0217 21:28:20.437069 1744282 cudacc.cc:51]  Sweep 3: 1.3415s
I0217 21:28:22.183164 1744282 cudacc.cc:51]  Sweep 4: 1.7460s
I0217 21:28:22.183194 1744282 cudacc.cc:51] Iteration 5: 6.2059s
I0217 21:28:22.183204 1744282 cudacc.cc:51] Total: 32.0101s
I0217 21:28:22.183210 1744282 patch_match.cc:504] 
Writing geometric output for 9.png
I0217 21:28:41.327762 1744282 misc.cc:44] 
==============================================================================
Processing view 23 / 24 for 8.png
==============================================================================
I0217 21:28:41.327808 1744282 patch_match.cc:461] Reading inputs...
I0217 21:28:42.895854 1744282 misc.cc:51] 
PatchMatch::Problem
-------------------
I0217 21:28:42.895877 1744282 patch_match.cc:54] ref_image_idx: 22
I0217 21:28:42.895881 1744282 patch_match.cc:55] src_image_idxs: 
I0217 21:28:42.895884 1744282 patch_match.cc:58] 17 
I0217 21:28:42.895886 1744282 patch_match.cc:58] 11 
I0217 21:28:42.895889 1744282 patch_match.cc:58] 19 
I0217 21:28:42.895892 1744282 patch_match.cc:58] 6 
I0217 21:28:42.895895 1744282 patch_match.cc:58] 23 
I0217 21:28:42.895897 1744282 patch_match.cc:58] 13 
I0217 21:28:42.895900 1744282 patch_match.cc:58] 9 
I0217 21:28:42.895902 1744282 patch_match.cc:58] 18 
I0217 21:28:42.895905 1744282 patch_match.cc:58] 21 
I0217 21:28:42.895907 1744282 patch_match.cc:58] 10 
I0217 21:28:42.895910 1744282 patch_match.cc:58] 7 
I0217 21:28:42.895913 1744282 patch_match.cc:58] 20 
I0217 21:28:42.895915 1744282 patch_match.cc:58] 0 
I0217 21:28:42.895918 1744282 patch_match.cc:58] 4 
I0217 21:28:42.895921 1744282 patch_match.cc:58] 2 
I0217 21:28:42.895923 1744282 patch_match.cc:58] 14 
I0217 21:28:42.895926 1744282 patch_match.cc:58] 1 
I0217 21:28:42.895929 1744282 patch_match.cc:58] 16 
I0217 21:28:42.895931 1744282 patch_match.cc:58] 3 
I0217 21:28:42.895934 1744282 patch_match.cc:60] 12
I0217 21:28:42.895937 1744282 misc.cc:51] 
PatchMatchOptions
-----------------
I0217 21:28:42.895941 1744282 patch_match_options.cc:47] max_image_size: -1
I0217 21:28:42.895943 1744282 patch_match_options.cc:48] gpu_index: 0
I0217 21:28:42.895946 1744282 patch_match_options.cc:49] depth_min: 1.85589
I0217 21:28:42.895953 1744282 patch_match_options.cc:50] depth_max: 7.82419
I0217 21:28:42.895957 1744282 patch_match_options.cc:51] window_radius: 5
I0217 21:28:42.895959 1744282 patch_match_options.cc:52] window_step: 1
I0217 21:28:42.895962 1744282 patch_match_options.cc:53] sigma_spatial: 5
I0217 21:28:42.895965 1744282 patch_match_options.cc:54] sigma_color: 0.2
I0217 21:28:42.895968 1744282 patch_match_options.cc:55] num_samples: 15
I0217 21:28:42.895972 1744282 patch_match_options.cc:56] ncc_sigma: 0.6
I0217 21:28:42.895974 1744282 patch_match_options.cc:57] min_triangulation_angle: 1
I0217 21:28:42.895977 1744282 patch_match_options.cc:58] incident_angle_sigma: 0.9
I0217 21:28:42.895980 1744282 patch_match_options.cc:59] num_iterations: 5
I0217 21:28:42.895989 1744282 patch_match_options.cc:60] geom_consistency: 1
I0217 21:28:42.895991 1744282 patch_match_options.cc:61] geom_consistency_regularizer: 0.3
I0217 21:28:42.895993 1744282 patch_match_options.cc:62] geom_consistency_max_cost: 3
I0217 21:28:42.895995 1744282 patch_match_options.cc:63] filter: 1
I0217 21:28:42.895998 1744282 patch_match_options.cc:64] filter_min_ncc: 0.1
I0217 21:28:42.895999 1744282 patch_match_options.cc:65] filter_min_triangulation_angle: 3
I0217 21:28:42.896001 1744282 patch_match_options.cc:66] filter_min_num_consistent: 2
I0217 21:28:42.896003 1744282 patch_match_options.cc:67] filter_geom_consistency_max_cost: 1
I0217 21:28:42.896005 1744282 patch_match_options.cc:68] write_consistency_graph: 0
I0217 21:28:42.896008 1744282 patch_match_options.cc:69] allow_missing_files: 0
I0217 21:28:42.896010 1744282 misc.cc:51] 
PatchMatch::Run
---------------
I0217 21:28:43.913144 1744282 cudacc.cc:51] Initialization: 0.2955s
I0217 21:28:45.335741 1744282 cudacc.cc:51]  Sweep 1: 1.4225s
I0217 21:28:47.284648 1744282 cudacc.cc:51]  Sweep 2: 1.9488s
I0217 21:28:48.735522 1744282 cudacc.cc:51]  Sweep 3: 1.4508s
I0217 21:28:50.661827 1744282 cudacc.cc:51]  Sweep 4: 1.9262s
I0217 21:28:50.661859 1744282 cudacc.cc:51] Iteration 1: 6.7486s
I0217 21:28:52.048369 1744282 cudacc.cc:51]  Sweep 1: 1.3865s
I0217 21:28:53.955255 1744282 cudacc.cc:51]  Sweep 2: 1.9068s
I0217 21:28:55.348596 1744282 cudacc.cc:51]  Sweep 3: 1.3933s
I0217 21:28:57.238307 1744282 cudacc.cc:51]  Sweep 4: 1.8896s
I0217 21:28:57.238338 1744282 cudacc.cc:51] Iteration 2: 6.5764s
I0217 21:28:58.619537 1744282 cudacc.cc:51]  Sweep 1: 1.3812s
I0217 21:29:00.504993 1744282 cudacc.cc:51]  Sweep 2: 1.8854s
I0217 21:29:01.885677 1744282 cudacc.cc:51]  Sweep 3: 1.3806s
I0217 21:29:03.758458 1744282 cudacc.cc:51]  Sweep 4: 1.8727s
I0217 21:29:03.758528 1744282 cudacc.cc:51] Iteration 3: 6.5201s
I0217 21:29:05.125979 1744282 cudacc.cc:51]  Sweep 1: 1.3674s
I0217 21:29:06.971704 1744282 cudacc.cc:51]  Sweep 2: 1.8457s
I0217 21:29:08.333299 1744282 cudacc.cc:51]  Sweep 3: 1.3615s
I0217 21:29:10.169799 1744282 cudacc.cc:51]  Sweep 4: 1.8364s
I0217 21:29:10.169836 1744282 cudacc.cc:51] Iteration 4: 6.4112s
I0217 21:29:11.522612 1744282 cudacc.cc:51]  Sweep 1: 1.3527s
I0217 21:29:13.338689 1744282 cudacc.cc:51]  Sweep 2: 1.8160s
I0217 21:29:14.674803 1744282 cudacc.cc:51]  Sweep 3: 1.3360s
I0217 21:29:16.513105 1744282 cudacc.cc:51]  Sweep 4: 1.8382s
I0217 21:29:16.513139 1744282 cudacc.cc:51] Iteration 5: 6.3432s
I0217 21:29:16.513149 1744282 cudacc.cc:51] Total: 32.8950s
I0217 21:29:16.513154 1744282 patch_match.cc:504] 
Writing geometric output for 8.png
I0217 21:30:52.679194 1744282 misc.cc:44] 
==============================================================================
Processing view 24 / 24 for 7.png
==============================================================================
I0217 21:30:52.679236 1744282 patch_match.cc:461] Reading inputs...
I0217 21:30:54.228356 1744282 misc.cc:51] 
PatchMatch::Problem
-------------------
I0217 21:30:54.228386 1744282 patch_match.cc:54] ref_image_idx: 23
I0217 21:30:54.228390 1744282 patch_match.cc:55] src_image_idxs: 
I0217 21:30:54.228394 1744282 patch_match.cc:58] 8 
I0217 21:30:54.228396 1744282 patch_match.cc:58] 12 
I0217 21:30:54.228399 1744282 patch_match.cc:58] 5 
I0217 21:30:54.228402 1744282 patch_match.cc:58] 10 
I0217 21:30:54.228405 1744282 patch_match.cc:58] 17 
I0217 21:30:54.228408 1744282 patch_match.cc:58] 2 
I0217 21:30:54.228411 1744282 patch_match.cc:58] 14 
I0217 21:30:54.228415 1744282 patch_match.cc:58] 4 
I0217 21:30:54.228417 1744282 patch_match.cc:58] 11 
I0217 21:30:54.228420 1744282 patch_match.cc:58] 1 
I0217 21:30:54.228423 1744282 patch_match.cc:58] 21 
I0217 21:30:54.228426 1744282 patch_match.cc:58] 19 
I0217 21:30:54.228430 1744282 patch_match.cc:58] 6 
I0217 21:30:54.228432 1744282 patch_match.cc:58] 18 
I0217 21:30:54.228435 1744282 patch_match.cc:58] 9 
I0217 21:30:54.228437 1744282 patch_match.cc:58] 22 
I0217 21:30:54.228440 1744282 patch_match.cc:58] 13 
I0217 21:30:54.228449 1744282 patch_match.cc:58] 0 
I0217 21:30:54.228451 1744282 patch_match.cc:58] 3 
I0217 21:30:54.228453 1744282 patch_match.cc:60] 16
I0217 21:30:54.228456 1744282 misc.cc:51] 
PatchMatchOptions
-----------------
I0217 21:30:54.228458 1744282 patch_match_options.cc:47] max_image_size: -1
I0217 21:30:54.228461 1744282 patch_match_options.cc:48] gpu_index: 0
I0217 21:30:54.228462 1744282 patch_match_options.cc:49] depth_min: 1.59755
I0217 21:30:54.228470 1744282 patch_match_options.cc:50] depth_max: 11.1153
I0217 21:30:54.228473 1744282 patch_match_options.cc:51] window_radius: 5
I0217 21:30:54.228475 1744282 patch_match_options.cc:52] window_step: 1
I0217 21:30:54.228477 1744282 patch_match_options.cc:53] sigma_spatial: 5
I0217 21:30:54.228480 1744282 patch_match_options.cc:54] sigma_color: 0.2
I0217 21:30:54.228482 1744282 patch_match_options.cc:55] num_samples: 15
I0217 21:30:54.228484 1744282 patch_match_options.cc:56] ncc_sigma: 0.6
I0217 21:30:54.228487 1744282 patch_match_options.cc:57] min_triangulation_angle: 1
I0217 21:30:54.228489 1744282 patch_match_options.cc:58] incident_angle_sigma: 0.9
I0217 21:30:54.228492 1744282 patch_match_options.cc:59] num_iterations: 5
I0217 21:30:54.228493 1744282 patch_match_options.cc:60] geom_consistency: 1
I0217 21:30:54.228495 1744282 patch_match_options.cc:61] geom_consistency_regularizer: 0.3
I0217 21:30:54.228498 1744282 patch_match_options.cc:62] geom_consistency_max_cost: 3
I0217 21:30:54.228500 1744282 patch_match_options.cc:63] filter: 1
I0217 21:30:54.228502 1744282 patch_match_options.cc:64] filter_min_ncc: 0.1
I0217 21:30:54.228504 1744282 patch_match_options.cc:65] filter_min_triangulation_angle: 3
I0217 21:30:54.228506 1744282 patch_match_options.cc:66] filter_min_num_consistent: 2
I0217 21:30:54.228508 1744282 patch_match_options.cc:67] filter_geom_consistency_max_cost: 1
I0217 21:30:54.228511 1744282 patch_match_options.cc:68] write_consistency_graph: 0
I0217 21:30:54.228513 1744282 patch_match_options.cc:69] allow_missing_files: 0
I0217 21:30:54.228515 1744282 misc.cc:51] 
PatchMatch::Run
---------------
I0217 21:30:55.268863 1744282 cudacc.cc:51] Initialization: 0.3088s
I0217 21:30:56.714624 1744282 cudacc.cc:51]  Sweep 1: 1.4457s
I0217 21:30:58.693249 1744282 cudacc.cc:51]  Sweep 2: 1.9786s
I0217 21:31:00.170284 1744282 cudacc.cc:51]  Sweep 3: 1.4770s
I0217 21:31:02.131919 1744282 cudacc.cc:51]  Sweep 4: 1.9616s
I0217 21:31:02.131953 1744282 cudacc.cc:51] Iteration 1: 6.8630s
I0217 21:31:03.539332 1744282 cudacc.cc:51]  Sweep 1: 1.4073s
I0217 21:31:05.480070 1744282 cudacc.cc:51]  Sweep 2: 1.9407s
I0217 21:31:06.921784 1744282 cudacc.cc:51]  Sweep 3: 1.4416s
I0217 21:31:08.859704 1744282 cudacc.cc:51]  Sweep 4: 1.9378s
I0217 21:31:08.859745 1744282 cudacc.cc:51] Iteration 2: 6.7277s
I0217 21:31:10.244755 1744282 cudacc.cc:51]  Sweep 1: 1.3850s
I0217 21:31:12.157076 1744282 cudacc.cc:51]  Sweep 2: 1.9123s
I0217 21:31:13.586047 1744282 cudacc.cc:51]  Sweep 3: 1.4289s
I0217 21:31:15.527262 1744282 cudacc.cc:51]  Sweep 4: 1.9411s
I0217 21:31:15.527295 1744282 cudacc.cc:51] Iteration 3: 6.6674s
I0217 21:31:17.034655 1744282 cudacc.cc:51]  Sweep 1: 1.5073s
I0217 21:31:18.936462 1744282 cudacc.cc:51]  Sweep 2: 1.9017s
I0217 21:31:20.353637 1744282 cudacc.cc:51]  Sweep 3: 1.4171s
I0217 21:31:22.248301 1744282 cudacc.cc:51]  Sweep 4: 1.8946s
I0217 21:31:22.248337 1744282 cudacc.cc:51] Iteration 4: 6.7209s
I0217 21:31:23.605834 1744282 cudacc.cc:51]  Sweep 1: 1.3575s
I0217 21:31:25.470981 1744282 cudacc.cc:51]  Sweep 2: 1.8651s
I0217 21:31:26.858651 1744282 cudacc.cc:51]  Sweep 3: 1.3876s
I0217 21:31:28.757498 1744282 cudacc.cc:51]  Sweep 4: 1.8988s
I0217 21:31:28.757532 1744282 cudacc.cc:51] Iteration 5: 6.5091s
I0217 21:31:28.757541 1744282 cudacc.cc:51] Total: 33.7970s
I0217 21:31:28.757547 1744282 patch_match.cc:504] 
Writing geometric output for 7.png
I0217 21:32:28.373502 1744280 timer.cc:91] Elapsed time: 57.428 [minutes]
I0217 21:32:28.713626 1931915 misc.cc:51] 
StereoFusion::Options
---------------------
I0217 21:32:28.713706 1931915 fusion.cc:76] mask_path: 
I0217 21:32:28.713724 1931915 fusion.cc:77] max_image_size: -1
I0217 21:32:28.713729 1931915 fusion.cc:78] min_num_pixels: 5
I0217 21:32:28.713732 1931915 fusion.cc:79] max_num_pixels: 10000
I0217 21:32:28.713734 1931915 fusion.cc:80] max_traversal_depth: 100
I0217 21:32:28.713737 1931915 fusion.cc:81] max_reproj_error: 2
I0217 21:32:28.713745 1931915 fusion.cc:82] max_depth_error: 0.01
I0217 21:32:28.713747 1931915 fusion.cc:83] max_normal_error: 10
I0217 21:32:28.713750 1931915 fusion.cc:84] check_num_images: 50
I0217 21:32:28.713752 1931915 fusion.cc:85] use_cache: 0
I0217 21:32:28.713753 1931915 fusion.cc:86] cache_size: 32
I0217 21:32:28.713757 1931915 fusion.cc:89] bbox_min: -3.40282e+38 -3.40282e+38 -3.40282e+38
I0217 21:32:28.713764 1931915 fusion.cc:90] bbox_max: 3.40282e+38 3.40282e+38 3.40282e+38
I0217 21:32:28.713768 1931915 fusion.cc:140] Reading workspace...
I0217 21:32:28.798307 1931915 workspace.cc:98] Loading workspace data with 64 threads...
I0217 21:32:30.944550 1931915 timer.cc:91] Elapsed time: 0.036 [minutes]
I0217 21:32:30.945973 1931915 fusion.cc:175] Reading configuration...
I0217 21:32:31.063234 1931915 fusion.cc:243] Starting fusion with 64 threads
I0217 21:32:31.066537 1931915 fusion.cc:279] Fusing image [1/24] with index 0
I0217 21:32:34.348186 1931915 fusion.cc:306]  in 3.282s (58757 points)
I0217 21:32:34.464030 1931915 fusion.cc:279] Fusing image [2/24] with index 3
I0217 21:32:37.707796 1931915 fusion.cc:306]  in 3.244s (86748 points)
I0217 21:32:37.827770 1931915 fusion.cc:279] Fusing image [3/24] with index 17
I0217 21:32:41.046211 1931915 fusion.cc:306]  in 3.218s (98343 points)
I0217 21:32:41.170496 1931915 fusion.cc:279] Fusing image [4/24] with index 10
I0217 21:32:44.410692 1931915 fusion.cc:306]  in 3.240s (138708 points)
I0217 21:32:44.529976 1931915 fusion.cc:279] Fusing image [5/24] with index 5
I0217 21:32:47.743431 1931915 fusion.cc:306]  in 3.213s (149023 points)
I0217 21:32:47.868959 1931915 fusion.cc:279] Fusing image [6/24] with index 8
I0217 21:32:51.068048 1931915 fusion.cc:306]  in 3.199s (155127 points)
I0217 21:32:51.193497 1931915 fusion.cc:279] Fusing image [7/24] with index 15
I0217 21:32:54.437945 1931915 fusion.cc:306]  in 3.244s (175975 points)
I0217 21:32:54.564651 1931915 fusion.cc:279] Fusing image [8/24] with index 21
I0217 21:32:57.867054 1931915 fusion.cc:306]  in 3.302s (190987 points)
I0217 21:32:57.992417 1931915 fusion.cc:279] Fusing image [9/24] with index 18
I0217 21:33:01.187207 1931915 fusion.cc:306]  in 3.195s (197516 points)
I0217 21:33:01.311218 1931915 fusion.cc:279] Fusing image [10/24] with index 4
I0217 21:33:04.508531 1931915 fusion.cc:306]  in 3.197s (216132 points)
I0217 21:33:04.634784 1931915 fusion.cc:279] Fusing image [11/24] with index 7
I0217 21:33:07.827797 1931915 fusion.cc:306]  in 3.193s (220212 points)
I0217 21:33:07.954586 1931915 fusion.cc:279] Fusing image [12/24] with index 11
I0217 21:33:11.146953 1931915 fusion.cc:306]  in 3.192s (221538 points)
I0217 21:33:11.273442 1931915 fusion.cc:279] Fusing image [13/24] with index 19
I0217 21:33:14.525333 1931915 fusion.cc:306]  in 3.252s (229032 points)
I0217 21:33:14.655550 1931915 fusion.cc:279] Fusing image [14/24] with index 1
I0217 21:33:17.968166 1931915 fusion.cc:306]  in 3.313s (232282 points)
I0217 21:33:18.098804 1931915 fusion.cc:279] Fusing image [15/24] with index 20
I0217 21:33:21.496191 1931915 fusion.cc:306]  in 3.397s (233757 points)
I0217 21:33:21.628528 1931915 fusion.cc:279] Fusing image [16/24] with index 16
I0217 21:33:24.876317 1931915 fusion.cc:306]  in 3.248s (253292 points)
I0217 21:33:24.998015 1931915 fusion.cc:279] Fusing image [17/24] with index 12
I0217 21:33:28.236950 1931915 fusion.cc:306]  in 3.239s (257912 points)
I0217 21:33:28.367004 1931915 fusion.cc:279] Fusing image [18/24] with index 22
I0217 21:33:31.702330 1931915 fusion.cc:306]  in 3.335s (268980 points)
I0217 21:33:31.836216 1931915 fusion.cc:279] Fusing image [19/24] with index 2
I0217 21:33:35.140128 1931915 fusion.cc:306]  in 3.304s (271269 points)
I0217 21:33:35.276175 1931915 fusion.cc:279] Fusing image [20/24] with index 14
I0217 21:33:38.470168 1931915 fusion.cc:306]  in 3.194s (271971 points)
I0217 21:33:38.600061 1931915 fusion.cc:279] Fusing image [21/24] with index 13
I0217 21:33:41.809080 1931915 fusion.cc:306]  in 3.209s (274991 points)
I0217 21:33:41.942287 1931915 fusion.cc:279] Fusing image [22/24] with index 9
I0217 21:33:45.124426 1931915 fusion.cc:306]  in 3.182s (275033 points)
I0217 21:33:45.255481 1931915 fusion.cc:279] Fusing image [23/24] with index 23
I0217 21:33:48.517767 1931915 fusion.cc:306]  in 3.262s (275034 points)
I0217 21:33:48.655210 1931915 fusion.cc:279] Fusing image [24/24] with index 6
I0217 21:33:52.004038 1931915 fusion.cc:306]  in 3.349s (275034 points)
I0217 21:33:52.151947 1931915 fusion.cc:333] Number of fused points: 275034
I0217 21:33:52.152043 1931915 timer.cc:91] Elapsed time: 1.391 [minutes]
I0217 21:33:53.539453 1931915 mvs.cc:203] Writing output: /media/hamit/Elements/05-02-2025_Data/processed_data/2025-02-05_14-29-36/colmap_input/points3d.ply
